source_month,horizon_months,target_month,record_count,in_scope_count,out_of_scope_count,no_signal_count,moderate_count,high_count
2015-06,1,2015-07,289,117,172,25,32,60
2015-06,2,2015-08,289,117,172,30,41,46
2015-06,3,2015-09,289,117,172,74,23,20
2015-06,4,2015-10,289,117,172,115,1,1
2015-06,5,2015-11,289,117,172,112,4,1
2015-06,6,2015-12,289,117,172,113,4,0
2015-07,1,2015-08,289,117,172,31,40,46
2015-07,2,2015-09,289,117,172,110,6,1
2015-07,3,2015-10,289,117,172,116,0,1
2015-07,4,2015-11,289,117,172,114,2,1
2015-07,5,2015-12,289,117,172,113,4,0
2015-07,6,2016-01,289,117,172,101,16,0
2015-08,1,2015-09,289,117,172,109,7,1
2015-08,2,2015-10,289,117,172,110,7,0
2015-08,3,2015-11,289,117,172,117,0,0
2015-08,4,2015-12,289,117,172,99,18,0
2015-08,5,2016-01,289,117,172,114,3,0
2015-08,6,2016-02,289,117,172,9,106,2
2015-09,1,2015-10,289,117,172,114,2,1
2015-09,2,2015-11,289,117,172,102,15,0
2015-09,3,2015-12,289,117,172,114,3,0
2015-09,4,2016-01,289,117,172,9,108,0
2015-09,5,2016-02,289,117,172,104,11,2
2015-09,6,2016-03,289,117,172,1,112,4
2015-10,1,2015-11,289,117,172,115,2,0
2015-10,2,2015-12,289,117,172,10,107,0
2015-10,3,2016-01,289,117,172,102,15,0
2015-10,4,2016-02,289,117,172,1,114,2
2015-10,5,2016-03,289,117,172,0,106,11
2015-10,6,2016-04,289,117,172,0,74,43
2015-11,1,2015-12,289,117,172,101,16,0
2015-11,2,2016-01,289,117,172,2,110,5
2015-11,3,2016-02,289,117,172,0,104,13
2015-11,4,2016-03,289,117,172,0,78,39
2015-11,5,2016-04,289,117,172,1,40,76
2015-11,6,2016-05,289,117,172,0,3,114
2015-12,1,2016-01,289,117,172,0,106,11
2015-12,2,2016-02,289,117,172,0,72,45
2015-12,3,2016-03,289,117,172,1,44,72
2015-12,4,2016-04,289,117,172,0,4,113
2015-12,5,2016-05,289,117,172,0,5,112
2015-12,6,2016-06,289,117,172,4,10,103
2016-01,1,2016-02,289,117,172,0,55,62
2016-01,2,2016-03,289,117,172,0,8,109
2016-01,3,2016-04,289,117,172,0,3,114
2016-01,4,2016-05,289,117,172,0,15,102
2016-01,5,2016-06,289,117,172,13,21,83
2016-01,6,2016-07,289,117,172,44,26,47
2016-02,1,2016-03,289,117,172,0,5,112
2016-02,2,2016-04,289,117,172,0,2,115
2016-02,3,2016-05,289,117,172,1,13,103
2016-02,4,2016-06,289,117,172,10,26,81
2016-02,5,2016-07,289,117,172,48,27,42
2016-02,6,2016-08,289,117,172,88,15,14
2016-03,1,2016-04,289,117,172,0,2,115
2016-03,2,2016-05,289,117,172,1,15,101
2016-03,3,2016-06,289,117,172,12,24,81
2016-03,4,2016-07,289,117,172,47,27,43
2016-03,5,2016-08,289,117,172,85,17,15
2016-03,6,2016-09,289,117,172,100,11,6
2016-04,1,2016-05,289,117,172,1,9,107
2016-04,2,2016-06,289,117,172,10,26,81
2016-04,3,2016-07,289,117,172,49,27,41
2016-04,4,2016-08,289,117,172,85,20,12
2016-04,5,2016-09,289,117,172,103,9,5
2016-04,6,2016-10,289,117,172,102,9,6
2016-05,1,2016-06,289,117,172,9,25,83
2016-05,2,2016-07,289,117,172,48,26,43
2016-05,3,2016-08,289,117,172,86,17,14
2016-05,4,2016-09,289,117,172,98,13,6
2016-05,5,2016-10,289,117,172,110,2,5
2016-05,6,2016-11,289,117,172,116,0,1
2016-06,1,2016-07,289,117,172,49,27,41
2016-06,2,2016-08,289,117,172,103,13,1
2016-06,3,2016-09,289,117,172,106,9,2
2016-06,4,2016-10,289,117,172,109,6,2
2016-06,5,2016-11,289,117,172,114,2,1
2016-06,6,2016-12,289,117,172,106,11,0
2016-07,1,2016-08,289,117,172,99,16,2
2016-07,2,2016-09,289,117,172,96,19,2
2016-07,3,2016-10,289,117,172,112,5,0
2016-07,4,2016-11,289,117,172,112,4,1
2016-07,5,2016-12,289,117,172,95,22,0
2016-07,6,2017-01,289,117,172,58,57,2
2016-08,1,2016-09,289,117,172,98,13,6
2016-08,2,2016-10,289,117,172,112,4,1
2016-08,3,2016-11,289,117,172,106,11,0
2016-08,4,2016-12,289,117,172,66,51,0
2016-08,5,2017-01,289,117,172,85,30,2
2016-08,6,2017-02,289,117,172,33,66,18
2016-09,1,2016-10,289,117,172,109,6,2
2016-09,2,2016-11,289,117,172,77,40,0
2016-09,3,2016-12,289,117,172,89,28,0
2016-09,4,2017-01,289,117,172,32,83,2
2016-09,5,2017-02,289,117,172,83,15,19
2016-09,6,2017-03,289,117,172,1,93,23
2016-10,1,2016-11,289,117,172,104,13,0
2016-10,2,2016-12,289,117,172,36,81,0
2016-10,3,2017-01,289,117,172,82,34,1
2016-10,4,2017-02,289,117,172,0,98,19
2016-10,5,2017-03,289,117,172,2,92,23
2016-10,6,2017-04,289,117,172,4,77,36
2016-11,1,2016-12,289,117,172,85,32,0
2016-11,2,2017-01,289,117,172,1,114,2
2016-11,3,2017-02,289,117,172,2,96,19
2016-11,4,2017-03,289,117,172,0,71,46
2016-11,5,2017-04,289,117,172,4,36,77
2016-11,6,2017-05,289,117,172,11,25,81
2016-12,1,2017-01,289,117,172,4,110,3
2016-12,2,2017-02,289,117,172,0,71,46
2016-12,3,2017-03,289,117,172,0,29,88
2016-12,4,2017-04,289,117,172,4,27,86
2016-12,5,2017-05,289,117,172,29,34,54
2016-12,6,2017-06,289,117,172,74,11,32
2017-01,1,2017-02,289,117,172,0,49,68
2017-01,2,2017-03,289,117,172,0,17,100
2017-01,3,2017-04,289,117,172,8,29,80
2017-01,4,2017-05,289,117,172,37,35,45
2017-01,5,2017-06,289,117,172,86,12,19
2017-01,6,2017-07,289,117,172,106,4,7
2017-02,1,2017-03,289,117,172,0,19,98
2017-02,2,2017-04,289,117,172,9,29,79
2017-02,3,2017-05,289,117,172,42,35,40
2017-02,4,2017-06,289,117,172,84,13,20
2017-02,5,2017-07,289,117,172,107,4,6
2017-02,6,2017-08,289,117,172,111,2,4
2017-03,1,2017-04,289,117,172,9,34,74
2017-03,2,2017-05,289,117,172,45,36,36
2017-03,3,2017-06,289,117,172,82,13,22
2017-03,4,2017-07,289,117,172,105,7,5
2017-03,5,2017-08,289,117,172,112,1,4
2017-03,6,2017-09,289,117,172,112,3,2
2017-04,1,2017-05,289,117,172,40,36,41
2017-04,2,2017-06,289,117,172,75,16,26
2017-04,3,2017-07,289,117,172,104,6,7
2017-04,4,2017-08,289,117,172,113,1,3
2017-04,5,2017-09,289,117,172,113,3,1
2017-04,6,2017-10,289,117,172,117,0,0
2017-05,1,2017-06,289,117,172,76,17,24
2017-05,2,2017-07,289,117,172,103,9,5
2017-05,3,2017-08,289,117,172,114,1,2
2017-05,4,2017-09,289,117,172,111,5,1
2017-05,5,2017-10,289,117,172,117,0,0
2017-05,6,2017-11,289,117,172,110,7,0
2017-06,1,2017-07,289,117,172,100,8,9
2017-06,2,2017-08,289,117,172,117,0,0
2017-06,3,2017-09,289,117,172,115,2,0
2017-06,4,2017-10,289,117,172,117,0,0
2017-06,5,2017-11,289,117,172,108,9,0
2017-06,6,2017-12,289,117,172,85,31,1
2017-07,1,2017-08,289,117,172,113,3,1
2017-07,2,2017-09,289,117,172,114,3,0
2017-07,3,2017-10,289,117,172,117,0,0
2017-07,4,2017-11,289,117,172,93,24,0
2017-07,5,2017-12,289,117,172,96,20,1
2017-07,6,2018-01,289,117,172,93,19,5
2017-08,1,2017-09,289,117,172,112,5,0
2017-08,2,2017-10,289,117,172,96,20,1
2017-08,3,2017-11,289,117,172,100,17,0
2017-08,4,2017-12,289,117,172,97,20,0
2017-08,5,2018-01,289,117,172,94,14,9
2017-08,6,2018-02,289,117,172,1,106,10
2017-09,1,2017-10,289,117,172,116,0,1
2017-09,2,2017-11,289,117,172,99,18,0
2017-09,3,2017-12,289,117,172,97,20,0
2017-09,4,2018-01,289,117,172,1,108,8
2017-09,5,2018-02,289,117,172,8,99,10
2017-09,6,2018-03,289,117,172,1,104,12
2017-10,1,2017-11,289,117,172,100,17,0
2017-10,2,2017-12,289,117,172,3,114,0
2017-10,3,2018-01,289,117,172,8,100,9
2017-10,4,2018-02,289,117,172,0,107,10
2017-10,5,2018-03,289,117,172,0,104,13
2017-10,6,2018-04,289,117,172,7,72,38
2017-11,1,2017-12,289,117,172,15,102,0
2017-11,2,2018-01,289,117,172,0,108,9
2017-11,3,2018-02,289,117,172,0,107,10
2017-11,4,2018-03,289,117,172,0,81,36
2017-11,5,2018-04,289,117,172,8,41,68
2017-11,6,2018-05,289,117,172,14,16,87
2017-12,1,2018-01,289,117,172,0,105,12
2017-12,2,2018-02,289,117,172,0,80,37
2017-12,3,2018-03,289,117,172,2,49,66
2017-12,4,2018-04,289,117,172,9,16,92
2017-12,5,2018-05,289,117,172,24,21,72
2017-12,6,2018-06,289,117,172,60,25,32
2018-01,1,2018-02,289,117,172,1,60,56
2018-01,2,2018-03,289,117,172,2,25,90
2018-01,3,2018-04,289,117,172,9,20,88
2018-01,4,2018-05,289,117,172,44,26,47
2018-01,5,2018-06,289,117,172,62,27,28
2018-01,6,2018-07,289,117,172,79,27,11
2018-02,1,2018-03,289,117,172,1,31,85
2018-02,2,2018-04,289,117,172,10,20,87
2018-02,3,2018-05,289,117,172,45,32,40
2018-02,4,2018-06,289,117,172,62,27,28
2018-02,5,2018-07,289,117,172,73,33,11
2018-02,6,2018-08,289,117,172,79,22,16
2018-03,1,2018-04,289,117,172,10,20,87
2018-03,2,2018-05,289,117,172,45,29,43
2018-03,3,2018-06,289,117,172,64,25,28
2018-03,4,2018-07,289,117,172,77,32,8
2018-03,5,2018-08,289,117,172,68,29,20
2018-03,6,2018-09,289,117,172,96,13,8
2018-04,1,2018-05,289,117,172,45,33,39
2018-04,2,2018-06,289,117,172,64,29,24
2018-04,3,2018-07,289,117,172,74,34,9
2018-04,4,2018-08,289,117,172,69,29,19
2018-04,5,2018-09,289,117,172,107,6,4
2018-04,6,2018-10,289,117,172,117,0,0
2018-05,1,2018-06,289,117,172,61,32,24
2018-05,2,2018-07,289,117,172,73,34,10
2018-05,3,2018-08,289,117,172,78,20,19
2018-05,4,2018-09,289,117,172,105,5,7
2018-05,5,2018-10,289,117,172,117,0,0
2018-05,6,2018-11,289,117,172,114,3,0
2018-06,1,2018-07,289,117,172,74,35,8
2018-06,2,2018-08,289,117,172,87,14,16
2018-06,3,2018-09,289,117,172,112,1,4
2018-06,4,2018-10,289,117,172,116,0,1
2018-06,5,2018-11,289,117,172,113,4,0
2018-06,6,2018-12,289,117,172,113,4,0
2018-07,1,2018-08,289,117,172,80,18,19
2018-07,2,2018-09,289,117,172,116,1,0
2018-07,3,2018-10,289,117,172,117,0,0
2018-07,4,2018-11,289,117,172,114,3,0
2018-07,5,2018-12,289,117,172,113,4,0
2018-07,6,2019-01,289,117,172,92,25,0
2018-08,1,2018-09,289,117,172,112,4,1
2018-08,2,2018-10,289,117,172,116,1,0
2018-08,3,2018-11,289,117,172,113,4,0
2018-08,4,2018-12,289,117,172,85,32,0
2018-08,5,2019-01,289,117,172,113,4,0
2018-08,6,2019-02,289,117,172,9,106,2
2018-09,1,2018-10,289,117,172,117,0,0
2018-09,2,2018-11,289,117,172,87,30,0
2018-09,3,2018-12,289,117,172,112,5,0
2018-09,4,2019-01,289,117,172,9,108,0
2018-09,5,2019-02,289,117,172,12,103,2
2018-09,6,2019-03,289,117,172,0,114,3
2018-10,1,2018-11,289,117,172,112,5,0
2018-10,2,2018-12,289,117,172,17,100,0
2018-10,3,2019-01,289,117,172,16,101,0
2018-10,4,2019-02,289,117,172,0,111,6
2018-10,5,2019-03,289,117,172,0,104,13
2018-10,6,2019-04,289,117,172,0,54,63
2018-11,1,2018-12,289,117,172,14,103,0
2018-11,2,2019-01,289,117,172,0,112,5
2018-11,3,2019-02,289,117,172,0,104,13
2018-11,4,2019-03,289,117,172,0,54,63
2018-11,5,2019-04,289,117,172,0,19,98
2018-11,6,2019-05,289,117,172,1,10,106
2018-12,1,2019-01,289,117,172,1,106,10
2018-12,2,2019-02,289,117,172,0,56,61
2018-12,3,2019-03,289,117,172,0,14,103
2018-12,4,2019-04,289,117,172,0,11,106
2018-12,5,2019-05,289,117,172,2,14,101
2018-12,6,2019-06,289,117,172,14,23,80
2019-01,1,2019-02,289,117,172,0,22,95
2019-01,2,2019-03,289,117,172,0,8,109
2019-01,3,2019-04,289,117,172,0,10,107
2019-01,4,2019-05,289,117,172,10,25,82
2019-01,5,2019-06,289,117,172,10,28,79
2019-01,6,2019-07,289,117,172,17,20,80
2019-02,1,2019-03,289,117,172,0,7,110
2019-02,2,2019-04,289,117,172,2,8,107
2019-02,3,2019-05,289,117,172,7,27,83
2019-02,4,2019-06,289,117,172,13,25,79
2019-02,5,2019-07,289,117,172,13,20,84
2019-02,6,2019-08,289,117,172,20,21,76
2019-03,1,2019-04,289,117,172,2,9,106
2019-03,2,2019-05,289,117,172,9,28,80
2019-03,3,2019-06,289,117,172,14,27,76
2019-03,4,2019-07,289,117,172,14,26,77
2019-03,5,2019-08,289,117,172,18,24,75
2019-03,6,2019-09,289,117,172,49,13,55
2019-04,1,2019-05,289,117,172,9,21,87
2019-04,2,2019-06,289,117,172,12,34,71
2019-04,3,2019-07,289,117,172,13,25,79
2019-04,4,2019-08,289,117,172,21,24,72
2019-04,5,2019-09,289,117,172,50,12,55
2019-04,6,2019-10,289,117,172,66,8,43
2019-05,1,2019-06,289,117,172,15,35,67
2019-05,2,2019-07,289,117,172,12,28,77
2019-05,3,2019-08,289,117,172,21,23,73
2019-05,4,2019-09,289,117,172,52,12,53
2019-05,5,2019-10,289,117,172,70,4,43
2019-05,6,2019-11,289,117,172,103,1,13
2019-06,1,2019-07,289,117,172,13,28,76
2019-06,2,2019-08,289,117,172,31,17,69
2019-06,3,2019-09,289,117,172,58,11,48
2019-06,4,2019-10,289,117,172,90,6,21
2019-06,5,2019-11,289,117,172,113,0,4
2019-06,6,2019-12,289,117,172,116,1,0
2019-07,1,2019-08,289,117,172,31,17,69
2019-07,2,2019-09,289,117,172,85,8,24
2019-07,3,2019-10,289,117,172,94,3,20
2019-07,4,2019-11,289,117,172,116,1,0
2019-07,5,2019-12,289,117,172,115,2,0
2019-07,6,2020-01,289,117,172,85,31,1
2019-08,1,2019-09,289,117,172,85,8,24
2019-08,2,2019-10,289,117,172,117,0,0
2019-08,3,2019-11,289,117,172,117,0,0
2019-08,4,2019-12,289,117,172,74,43,0
2019-08,5,2020-01,289,117,172,114,2,1
2019-08,6,2020-02,289,117,172,4,112,1
2019-09,1,2019-10,289,117,172,116,1,0
2019-09,2,2019-11,289,117,172,83,34,0
2019-09,3,2019-12,289,117,172,114,3,0
2019-09,4,2020-01,289,117,172,4,113,0
2019-09,5,2020-02,289,117,172,0,116,1
2019-09,6,2020-03,289,117,172,0,115,2
2019-10,1,2019-11,289,117,172,116,1,0
2019-10,2,2019-12,289,117,172,5,112,0
2019-10,3,2020-01,289,117,172,0,116,1
2019-10,4,2020-02,289,117,172,0,111,6
2019-10,5,2020-03,289,117,172,0,70,47
2019-10,6,2020-04,289,117,172,1,14,102
2019-11,1,2019-12,289,117,172,0,117,0
2019-11,2,2020-01,289,117,172,0,111,6
2019-11,3,2020-02,289,117,172,0,70,47
2019-11,4,2020-03,289,117,172,0,13,104
2019-11,5,2020-04,289,117,172,2,6,109
2019-11,6,2020-05,289,117,172,3,3,111
2019-12,1,2020-01,289,117,172,0,70,47
2019-12,2,2020-02,289,117,172,0,20,97
2019-12,3,2020-03,289,117,172,1,7,109
2019-12,4,2020-04,289,117,172,3,3,111
2019-12,5,2020-05,289,117,172,3,11,103
2019-12,6,2020-06,289,117,172,17,24,76
2020-01,1,2020-02,289,117,172,0,13,104
2020-01,2,2020-03,289,117,172,1,5,111
2020-01,3,2020-04,289,117,172,3,2,112
2020-01,4,2020-05,289,117,172,4,18,95
2020-01,5,2020-06,289,117,172,26,30,61
2020-01,6,2020-07,289,117,172,42,41,34
2020-02,1,2020-03,289,117,172,1,4,112
2020-02,2,2020-04,289,117,172,3,2,112
2020-02,3,2020-05,289,117,172,6,17,94
2020-02,4,2020-06,289,117,172,28,32,57
2020-02,5,2020-07,289,117,172,42,46,29
2020-02,6,2020-08,289,117,172,59,34,24
2020-03,1,2020-04,289,117,172,3,4,110
2020-03,2,2020-05,289,117,172,6,21,90
2020-03,3,2020-06,289,117,172,25,34,58
2020-03,4,2020-07,289,117,172,40,49,28
2020-03,5,2020-08,289,117,172,67,29,21
2020-03,6,2020-09,289,117,172,96,13,8
2020-04,1,2020-05,289,117,172,7,22,88
2020-04,2,2020-06,289,117,172,25,34,58
2020-04,3,2020-07,289,117,172,41,48,28
2020-04,4,2020-08,289,117,172,66,36,15
2020-04,5,2020-09,289,117,172,97,13,7
2020-04,6,2020-10,289,117,172,117,0,0
2020-05,1,2020-06,289,117,172,27,35,55
2020-05,2,2020-07,289,117,172,43,52,22
2020-05,3,2020-08,289,117,172,69,33,15
2020-05,4,2020-09,289,117,172,111,6,0
2020-05,5,2020-10,289,117,172,117,0,0
2020-05,6,2020-11,289,117,172,117,0,0
2020-06,1,2020-07,289,117,172,42,53,22
2020-06,2,2020-08,289,117,172,108,8,1
2020-06,3,2020-09,289,117,172,111,6,0
2020-06,4,2020-10,289,117,172,117,0,0
2020-06,5,2020-11,289,117,172,117,0,0
2020-06,6,2020-12,289,117,172,110,7,0
2020-07,1,2020-08,289,117,172,101,13,3
2020-07,2,2020-09,289,117,172,115,2,0
2020-07,3,2020-10,289,117,172,117,0,0
2020-07,4,2020-11,289,117,172,97,20,0
2020-07,5,2020-12,289,117,172,116,1,0
2020-07,6,2021-01,289,117,172,116,1,0
2020-08,1,2020-09,289,117,172,117,0,0
2020-08,2,2020-10,289,117,172,89,28,0
2020-08,3,2020-11,289,117,172,116,1,0
2020-08,4,2020-12,289,117,172,117,0,0
2020-08,5,2021-01,289,117,172,116,1,0
2020-08,6,2021-02,289,117,172,9,108,0
2020-09,1,2020-10,289,117,172,113,3,1
2020-09,2,2020-11,289,117,172,116,1,0
2020-09,3,2020-12,289,117,172,116,1,0
2020-09,4,2021-01,289,117,172,8,109,0
2020-09,5,2021-02,289,117,172,112,5,0
2020-09,6,2021-03,289,117,172,0,117,0
2020-10,1,2020-11,289,117,172,116,1,0
2020-10,2,2020-12,289,117,172,8,109,0
2020-10,3,2021-01,289,117,172,113,4,0
2020-10,4,2021-02,289,117,172,0,117,0
2020-10,5,2021-03,289,117,172,0,117,0
2020-10,6,2021-04,289,117,172,0,89,28
2020-11,1,2020-12,289,117,172,111,6,0
2020-11,2,2021-01,289,117,172,1,115,1
2020-11,3,2021-02,289,117,172,0,117,0
2020-11,4,2021-03,289,117,172,0,83,34
2020-11,5,2021-04,289,117,172,1,53,63
2020-11,6,2021-05,289,117,172,9,35,73
2020-12,1,2021-01,289,117,172,0,115,2
2020-12,2,2021-02,289,117,172,0,81,36
2020-12,3,2021-03,289,117,172,0,54,63
2020-12,4,2021-04,289,117,172,10,34,73
2020-12,5,2021-05,289,117,172,25,38,54
2020-12,6,2021-06,289,117,172,32,38,47
2021-01,1,2021-02,289,117,172,0,57,60
2021-01,2,2021-03,289,117,172,3,28,86
2021-01,3,2021-04,289,117,172,21,33,63
2021-01,4,2021-05,289,117,172,32,37,48
2021-01,5,2021-06,289,117,172,22,40,55
2021-01,6,2021-07,289,117,172,34,43,40
2021-02,1,2021-03,289,117,172,5,22,90
2021-02,2,2021-04,289,117,172,23,33,61
2021-02,3,2021-05,289,117,172,36,35,46
2021-02,4,2021-06,289,117,172,24,45,48
2021-02,5,2021-07,289,117,172,36,39,42
2021-02,6,2021-08,289,117,172,58,34,25
2021-03,1,2021-04,289,117,172,23,31,63
2021-03,2,2021-05,289,117,172,35,45,37
2021-03,3,2021-06,289,117,172,22,49,46
2021-03,4,2021-07,289,117,172,37,44,36
2021-03,5,2021-08,289,117,172,60,33,24
2021-03,6,2021-09,289,117,172,85,19,13
2021-04,1,2021-05,289,117,172,36,46,35
2021-04,2,2021-06,289,117,172,27,48,42
2021-04,3,2021-07,289,117,172,37,44,36
2021-04,4,2021-08,289,117,172,63,32,22
2021-04,5,2021-09,289,117,172,91,16,10
2021-04,6,2021-10,289,117,172,106,10,1
2021-05,1,2021-06,289,117,172,26,50,41
2021-05,2,2021-07,289,117,172,40,44,33
2021-05,3,2021-08,289,117,172,70,26,21
2021-05,4,2021-09,289,117,172,95,19,3
2021-05,5,2021-10,289,117,172,110,5,2
2021-05,6,2021-11,289,117,172,112,4,1
2021-06,1,2021-07,289,117,172,45,40,32
2021-06,2,2021-08,289,117,172,76,28,13
2021-06,3,2021-09,289,117,172,97,16,4
2021-06,4,2021-10,289,117,172,106,11,0
2021-06,5,2021-11,289,117,172,114,3,0
2021-06,6,2021-12,289,117,172,116,1,0
2021-07,1,2021-08,289,117,172,76,28,13
2021-07,2,2021-09,289,117,172,110,6,1
2021-07,3,2021-10,289,117,172,117,0,0
2021-07,4,2021-11,289,117,172,112,4,1
2021-07,5,2021-12,289,117,172,114,2,1
2021-07,6,2022-01,289,117,172,110,5,2
2021-08,1,2021-09,289,117,172,96,19,2
2021-08,2,2021-10,289,117,172,110,7,0
2021-08,3,2021-11,289,117,172,116,1,0
2021-08,4,2021-12,289,117,172,113,3,1
2021-08,5,2022-01,289,117,172,112,3,2
2021-08,6,2022-02,289,117,172,20,97,0
2021-09,1,2021-10,289,117,172,112,4,1
2021-09,2,2021-11,289,117,172,105,10,2
2021-09,3,2021-12,289,117,172,114,2,1
2021-09,4,2022-01,289,117,172,20,97,0
2021-09,5,2022-02,289,117,172,114,3,0
2021-09,6,2022-03,289,117,172,2,115,0
2021-10,1,2021-11,289,117,172,112,3,2
2021-10,2,2021-12,289,117,172,22,95,0
2021-10,3,2022-01,289,117,172,115,2,0
2021-10,4,2022-02,289,117,172,1,116,0
2021-10,5,2022-03,289,117,172,1,116,0
2021-10,6,2022-04,289,117,172,1,101,15
2021-11,1,2021-12,289,117,172,114,3,0
2021-11,2,2022-01,289,117,172,2,115,0
2021-11,3,2022-02,289,117,172,1,116,0
2021-11,4,2022-03,289,117,172,0,105,12
2021-11,5,2022-04,289,117,172,15,64,38
2021-11,6,2022-05,289,117,172,21,53,43
2021-12,1,2022-01,289,117,172,1,112,4
2021-12,2,2022-02,289,117,172,0,103,14
2021-12,3,2022-03,289,117,172,15,62,40
2021-12,4,2022-04,289,117,172,22,52,43
2021-12,5,2022-05,289,117,172,43,45,29
2021-12,6,2022-06,289,117,172,46,35,36
2022-01,1,2022-02,289,117,172,7,83,27
2022-01,2,2022-03,289,117,172,17,47,53
2022-01,3,2022-04,289,117,172,31,54,32
2022-01,4,2022-05,289,117,172,54,29,34
2022-01,5,2022-06,289,117,172,44,37,36
2022-01,6,2022-07,289,117,172,72,28,17
2022-02,1,2022-03,289,117,172,19,47,51
2022-02,2,2022-04,289,117,172,32,40,45
2022-02,3,2022-05,289,117,172,54,29,34
2022-02,4,2022-06,289,117,172,49,47,21
2022-02,5,2022-07,289,117,172,71,29,17
2022-02,6,2022-08,289,117,172,96,13,8
2022-03,1,2022-04,289,117,172,35,40,42
2022-03,2,2022-05,289,117,172,63,35,19
2022-03,3,2022-06,289,117,172,51,45,21
2022-03,4,2022-07,289,117,172,73,29,15
2022-03,5,2022-08,289,117,172,95,13,9
2022-03,6,2022-09,289,117,172,90,16,11
2022-04,1,2022-05,289,117,172,65,34,18
2022-04,2,2022-06,289,117,172,54,46,17
2022-04,3,2022-07,289,117,172,79,25,13
2022-04,4,2022-08,289,117,172,85,18,14
2022-04,5,2022-09,289,117,172,100,10,7
2022-04,6,2022-10,289,117,172,115,2,0
2022-05,1,2022-06,289,117,172,55,43,19
2022-05,2,2022-07,289,117,172,63,35,19
2022-05,3,2022-08,289,117,172,91,14,12
2022-05,4,2022-09,289,117,172,113,3,1
2022-05,5,2022-10,289,117,172,116,1,0
2022-05,6,2022-11,289,117,172,109,8,0
2022-06,1,2022-07,289,117,172,65,33,19
2022-06,2,2022-08,289,117,172,106,9,2
2022-06,3,2022-09,289,117,172,116,1,0
2022-06,4,2022-10,289,117,172,117,0,0
2022-06,5,2022-11,289,117,172,111,6,0
2022-06,6,2022-12,289,117,172,101,15,1
2022-07,1,2022-08,289,117,172,105,10,2
2022-07,2,2022-09,289,117,172,115,2,0
2022-07,3,2022-10,289,117,172,117,0,0
2022-07,4,2022-11,289,117,172,80,35,2
2022-07,5,2022-12,289,117,172,110,6,1
2022-07,6,2023-01,289,117,172,106,11,0
2022-08,1,2022-09,289,117,172,112,4,1
2022-08,2,2022-10,289,117,172,79,35,3
2022-08,3,2022-11,289,117,172,105,12,0
2022-08,4,2022-12,289,117,172,116,1,0
2022-08,5,2023-01,289,117,172,107,10,0
2022-08,6,2023-02,289,117,172,22,93,2
2022-09,1,2022-10,289,117,172,99,14,4
2022-09,2,2022-11,289,117,172,104,13,0
2022-09,3,2022-12,289,117,172,115,2,0
2022-09,4,2023-01,289,117,172,25,92,0
2022-09,5,2023-02,289,117,172,105,10,2
2022-09,6,2023-03,289,117,172,72,39,6
2022-10,1,2022-11,289,117,172,107,10,0
2022-10,2,2022-12,289,117,172,35,82,0
2022-10,3,2023-01,289,117,172,104,13,0
2022-10,4,2023-02,289,117,172,72,43,2
2022-10,5,2023-03,289,117,172,8,103,6
2022-10,6,2023-04,289,117,172,1,98,18
2022-11,1,2022-12,289,117,172,112,5,0
2022-11,2,2023-01,289,117,172,73,44,0
2022-11,3,2023-02,289,117,172,8,107,2
2022-11,4,2023-03,289,117,172,0,100,17
2022-11,5,2023-04,289,117,172,2,69,46
2022-11,6,2023-05,289,117,172,4,43,70
2022-12,1,2023-01,289,117,172,11,106,0
2022-12,2,2023-02,289,117,172,0,103,14
2022-12,3,2023-03,289,117,172,2,69,46
2022-12,4,2023-04,289,117,172,1,41,75
2022-12,5,2023-05,289,117,172,9,49,59
2022-12,6,2023-06,289,117,172,22,24,71
2023-01,1,2023-02,289,117,172,0,113,4
2023-01,2,2023-03,289,117,172,0,86,31
2023-01,3,2023-04,289,117,172,9,48,60
2023-01,4,2023-05,289,117,172,26,43,48
2023-01,5,2023-06,289,117,172,44,18,55
2023-01,6,2023-07,289,117,172,56,19,42
2023-02,1,2023-03,289,117,172,1,63,53
2023-02,2,2023-04,289,117,172,18,57,42
2023-02,3,2023-05,289,117,172,61,25,31
2023-02,4,2023-06,289,117,172,63,28,26
2023-02,5,2023-07,289,117,172,81,10,26
2023-02,6,2023-08,289,117,172,71,32,14
2023-03,1,2023-04,289,117,172,8,17,92
2023-03,2,2023-05,289,117,172,49,41,27
2023-03,3,2023-06,289,117,172,68,28,21
2023-03,4,2023-07,289,117,172,73,33,11
2023-03,5,2023-08,289,117,172,82,17,18
2023-03,6,2023-09,289,117,172,105,8,4
2023-04,1,2023-05,289,117,172,14,34,69
2023-04,2,2023-06,289,117,172,58,41,18
2023-04,3,2023-07,289,117,172,87,16,14
2023-04,4,2023-08,289,117,172,91,14,12
2023-04,5,2023-09,289,117,172,113,0,4
2023-04,6,2023-10,289,117,172,117,0,0
2023-05,1,2023-06,289,117,172,28,42,47
2023-05,2,2023-07,289,117,172,78,26,13
2023-05,3,2023-08,289,117,172,103,8,6
2023-05,4,2023-09,289,117,172,117,0,0
2023-05,5,2023-10,289,117,172,117,0,0
2023-05,6,2023-11,289,117,172,117,0,0
2023-06,1,2023-07,289,117,172,48,41,28
2023-06,2,2023-08,289,117,172,109,8,0
2023-06,3,2023-09,289,117,172,117,0,0
2023-06,4,2023-10,289,117,172,117,0,0
2023-06,5,2023-11,289,117,172,117,0,0
2023-06,6,2023-12,289,117,172,117,0,0
2023-07,1,2023-08,289,117,172,94,10,13
2023-07,2,2023-09,289,117,172,117,0,0
2023-07,3,2023-10,289,117,172,117,0,0
2023-07,4,2023-11,289,117,172,117,0,0
2023-07,5,2023-12,289,117,172,117,0,0
2023-07,6,2024-01,289,117,172,115,2,0
2023-08,1,2023-09,289,117,172,108,7,2
2023-08,2,2023-10,289,117,172,117,0,0
2023-08,3,2023-11,289,117,172,117,0,0
2023-08,4,2023-12,289,117,172,115,2,0
2023-08,5,2024-01,289,117,172,112,5,0
2023-08,6,2024-02,289,117,172,3,114,0
2023-09,1,2023-10,289,117,172,116,0,1
2023-09,2,2023-11,289,117,172,115,2,0
2023-09,3,2023-12,289,117,172,114,3,0
2023-09,4,2024-01,289,117,172,2,115,0
2023-09,5,2024-02,289,117,172,75,42,0
2023-09,6,2024-03,289,117,172,0,116,1
2023-10,1,2023-11,289,117,172,115,2,0
2023-10,2,2023-12,289,117,172,29,88,0
2023-10,3,2024-01,289,117,172,100,17,0
2023-10,4,2024-02,289,117,172,0,117,0
2023-10,5,2024-03,289,117,172,0,116,1
2023-10,6,2024-04,289,117,172,0,85,32
2023-11,1,2023-12,289,117,172,113,4,0
2023-11,2,2024-01,289,117,172,0,117,0
2023-11,3,2024-02,289,117,172,0,117,0
2023-11,4,2024-03,289,117,172,0,109,8
2023-11,5,2024-04,289,117,172,0,29,88
2023-11,6,2024-05,289,117,172,2,8,107
2023-12,1,2024-01,289,117,172,0,117,0
2023-12,2,2024-02,289,117,172,0,109,8
2023-12,3,2024-03,289,117,172,0,45,72
2023-12,4,2024-04,289,117,172,0,5,112
2023-12,5,2024-05,289,117,172,2,8,107
2023-12,6,2024-06,289,117,172,10,3,104
2024-01,1,2024-02,289,117,172,0,73,44
2024-01,2,2024-03,289,117,172,0,12,105
2024-01,3,2024-04,289,117,172,2,3,112
2024-01,4,2024-05,289,117,172,4,7,106
2024-01,5,2024-06,289,117,172,14,7,96
2024-01,6,2024-07,289,117,172,49,9,59
2024-02,1,2024-03,289,117,172,0,10,107
2024-02,2,2024-04,289,117,172,2,8,107
2024-02,3,2024-05,289,117,172,5,5,107
2024-02,4,2024-06,289,117,172,16,6,95
2024-02,5,2024-07,289,117,172,48,17,52
2024-02,6,2024-08,289,117,172,82,4,31
2024-03,1,2024-04,289,117,172,4,17,96
2024-03,2,2024-05,289,117,172,15,19,83
2024-03,3,2024-06,289,117,172,16,6,95
2024-03,4,2024-07,289,117,172,51,15,51
2024-03,5,2024-08,289,117,172,92,3,22
2024-03,6,2024-09,289,117,172,113,1,3
2024-04,1,2024-05,289,117,172,9,30,78
2024-04,2,2024-06,289,117,172,21,32,64
2024-04,3,2024-07,289,117,172,40,19,58
2024-04,4,2024-08,289,117,172,84,10,23
2024-04,5,2024-09,289,117,172,116,0,1
2024-04,6,2024-10,289,117,172,117,0,0
2024-05,1,2024-06,289,117,172,27,37,53
2024-05,2,2024-07,289,117,172,44,14,59
2024-05,3,2024-08,289,117,172,99,7,11
2024-05,4,2024-09,289,117,172,116,0,1
2024-05,5,2024-10,289,117,172,117,0,0
2024-05,6,2024-11,289,117,172,117,0,0
2024-06,1,2024-07,289,117,172,85,16,16
2024-06,2,2024-08,289,117,172,107,3,7
2024-06,3,2024-09,289,117,172,117,0,0
2024-06,4,2024-10,289,117,172,117,0,0
2024-06,5,2024-11,289,117,172,117,0,0
2024-06,6,2024-12,289,117,172,117,0,0
2024-07,1,2024-08,289,117,172,116,1,0
2024-07,2,2024-09,289,117,172,117,0,0
2024-07,3,2024-10,289,117,172,117,0,0
2024-07,4,2024-11,289,117,172,116,1,0
2024-07,5,2024-12,289,117,172,114,3,0
2024-07,6,2025-01,289,117,172,109,8,0
2024-08,1,2024-09,289,117,172,117,0,0
2024-08,2,2024-10,289,117,172,117,0,0
2024-08,3,2024-11,289,117,172,117,0,0
2024-08,4,2024-12,289,117,172,116,1,0
2024-08,5,2025-01,289,117,172,112,5,0
2024-08,6,2025-02,289,117,172,22,95,0
2024-09,1,2024-10,289,117,172,117,0,0
2024-09,2,2024-11,289,117,172,115,2,0
2024-09,3,2024-12,289,117,172,115,2,0
2024-09,4,2025-01,289,117,172,28,89,0
2024-09,5,2025-02,289,117,172,103,14,0
2024-09,6,2025-03,289,117,172,0,116,1
2024-10,1,2024-11,289,117,172,116,1,0
2024-10,2,2024-12,289,117,172,11,106,0
2024-10,3,2025-01,289,117,172,69,48,0
2024-10,4,2025-02,289,117,172,0,117,0
2024-10,5,2025-03,289,117,172,0,116,1
2024-10,6,2025-04,289,117,172,0,85,32
2024-11,1,2024-12,289,117,172,56,61,0
2024-11,2,2025-01,289,117,172,0,117,0
2024-11,3,2025-02,289,117,172,0,113,4
2024-11,4,2025-03,289,117,172,0,57,60
2024-11,5,2025-04,289,117,172,0,19,98
2024-11,6,2025-05,289,117,172,4,5,108
2024-12,1,2025-01,289,117,172,0,117,0
2024-12,2,2025-02,289,117,172,0,103,14
2024-12,3,2025-03,289,117,172,0,26,91
2024-12,4,2025-04,289,117,172,0,9,108
2024-12,5,2025-05,289,117,172,5,14,98
2024-12,6,2025-06,289,117,172,33,3,81
2025-01,1,2025-02,289,117,172,0,58,59
2025-01,2,2025-03,289,117,172,0,18,99
2025-01,3,2025-04,289,117,172,2,13,102
2025-01,4,2025-05,289,117,172,23,16,78
2025-01,5,2025-06,289,117,172,32,24,61
2025-01,6,2025-07,289,117,172,66,11,40
2025-02,1,2025-03,289,117,172,0,17,100
2025-02,2,2025-04,289,117,172,4,22,91
2025-02,3,2025-05,289,117,172,27,21,69
2025-02,4,2025-06,289,117,172,46,27,44
2025-02,5,2025-07,289,117,172,46,30,41
2025-02,6,2025-08,289,117,172,77,12,28
2025-03,1,2025-04,289,117,172,11,31,75
2025-03,2,2025-05,289,117,172,40,31,46
2025-03,3,2025-06,289,117,172,53,18,46
2025-03,4,2025-07,289,117,172,84,9,24
2025-03,5,2025-08,289,117,172,75,11,31
2025-03,6,2025-09,289,117,172,108,0,9
2025-04,1,2025-05,289,117,172,52,47,18
2025-04,2,2025-06,289,117,172,58,34,25
2025-04,3,2025-07,289,117,172,88,13,16
2025-04,4,2025-08,289,117,172,96,6,15
2025-04,5,2025-09,289,117,172,114,0,3
2025-04,6,2025-10,289,117,172,117,0,0
2025-05,1,2025-06,289,117,172,109,7,1
2025-05,2,2025-07,289,117,172,100,12,5
2025-05,3,2025-08,289,117,172,116,0,1
2025-05,4,2025-09,289,117,172,117,0,0
2025-05,5,2025-10,289,117,172,117,0,0
2025-05,6,2025-11,289,117,172,117,0,0
2025-06,1,2025-07,289,117,172,104,12,1
2025-06,2,2025-08,289,117,172,117,0,0
2025-06,3,2025-09,289,117,172,117,0,0
2025-06,4,2025-10,289,117,172,117,0,0
2025-06,5,2025-11,289,117,172,116,1,0
2025-06,6,2025-12,289,117,172,116,1,0
2025-07,1,2025-08,289,117,172,116,1,0
2025-07,2,2025-09,289,117,172,117,0,0
2025-07,3,2025-10,289,117,172,117,0,0
2025-07,4,2025-11,289,117,172,116,1,0
2025-07,5,2025-12,289,117,172,115,2,0
2025-07,6,2026-01,289,117,172,113,4,0
2025-08,1,2025-09,289,117,172,116,1,0
2025-08,2,2025-10,289,117,172,116,1,0
2025-08,3,2025-11,289,117,172,117,0,0
2025-08,4,2025-12,289,117,172,114,3,0
2025-08,5,2026-01,289,117,172,114,3,0
2025-08,6,2026-02,289,117,172,11,106,0
2025-09,1,2025-10,289,117,172,117,0,0
2025-09,2,2025-11,289,117,172,100,17,0
2025-09,3,2025-12,289,117,172,115,2,0
2025-09,4,2026-01,289,117,172,6,111,0
2025-09,5,2026-02,289,117,172,75,41,1
2025-09,6,2026-03,289,117,172,0,117,0
2025-10,1,2025-11,289,117,172,114,3,0
2025-10,2,2025-12,289,117,172,20,97,0
2025-10,3,2026-01,289,117,172,30,87,0
2025-10,4,2026-02,289,117,172,0,117,0
2025-10,5,2026-03,289,117,172,0,116,1
2025-10,6,2026-04,289,117,172,1,92,24
2025-11,1,2025-12,289,117,172,69,48,0
2025-11,2,2026-01,289,117,172,0,117,0
2025-11,3,2026-02,289,117,172,0,117,0
2025-11,4,2026-03,289,117,172,0,105,12
2025-11,5,2026-04,289,117,172,1,60,56
2025-11,6,2026-05,289,117,172,3,29,85
2025-12,1,2026-01,289,117,172,0,117,0
2025-12,2,2026-02,289,117,172,0,116,1
2025-12,3,2026-03,289,117,172,0,79,38
2025-12,4,2026-04,289,117,172,1,51,65
2025-12,5,2026-05,289,117,172,19,32,66
2025-12,6,2026-06,289,117,172,49,9,59
