researchAreaId,ID,sourceAreaKey,TAMBON_E,AMPHOE_E,sourceAmphoeEnCorrected,Irrigation_Status,irrigationStatus,provinceId,provinceCode,provinceNameTh,provinceNameEn,districtCode,districtId,districtNameTh,districtNameEn,districtSlug,subdistrictCode,subdistrictId,subdistrictNameTh,subdistrictSlug,geodataDistrictNameEn,geodataSubdistrictNameEnOriginal,geodataSubdistrictNameEnForMatch,geodataLabelOverrideApplied,matchStatus,matchMethod,qualityFlags
NR-RESEARCH-AREA-000,0,Mueang Nakhon Ratchasima / Nai Mueang / ID 0,Nai Mueang,Mueang Nakhon Ratchasima,Mueang Nakhon Ratchasima,Collecting,Collecting,TH-P29,30,นครราชสีมา,Nakhon Ratchasima,3001,TH-P29-D01,เมืองนครราชสีมา,Mueang Nakhon Ratchasima,mueang-nakhon-ratchasima,300101,TH-P29-D01-T01,ในเมือง,t-300101,AMPHOE MUEANG NAKHON RATCHASIMA,TAMBON BAN KO,TAMBON NAI MUEANG,True,MATCHED,GEODATA_EN_LABEL_OVERRIDE;ALIAS_NORMALIZED_EN,GEODATA_LABEL_OVERRIDE
NR-RESEARCH-AREA-001,1,Mueang Nakhon Ratchasima / Pho Klang / ID 1,Pho Klang,Mueang Nakhon Ratchasima,Mueang Nakhon Ratchasima,Collecting,Collecting,TH-P29,30,นครราชสีมา,Nakhon Ratchasima,3001,TH-P29-D01,เมืองนครราชสีมา,Mueang Nakhon Ratchasima,mueang-nakhon-ratchasima,300102,TH-P29-D01-T02,โพธิ์กลาง,t-300102,AMPHOE MUEANG NAKHON RATCHASIMA,TAMBON PHO KLANG,TAMBON PHO KLANG,False,MATCHED,EXACT_NORMALIZED_EN,
NR-RESEARCH-AREA-002,2,Mueang Nakhon Ratchasima / Nong Chabok / ID 2,Nong Chabok,Mueang Nakhon Ratchasima,Mueang Nakhon Ratchasima,Collecting,Collecting,TH-P29,30,นครราชสีมา,Nakhon Ratchasima,3001,TH-P29-D01,เมืองนครราชสีมา,Mueang Nakhon Ratchasima,mueang-nakhon-ratchasima,300103,TH-P29-D01-T03,หนองจะบก,t-300103,AMPHOE MUEANG NAKHON RATCHASIMA,TAMBON NONG CHABOK,TAMBON NONG CHABOK,False,MATCHED,EXACT_NORMALIZED_EN,
NR-RESEARCH-AREA-003,3,Mueang Nakhon Ratchasima / Khok Sung / ID 3,Khok Sung,Mueang Nakhon Ratchasima,Mueang Nakhon Ratchasima,Collecting,Collecting,TH-P29,30,นครราชสีมา,Nakhon Ratchasima,3001,TH-P29-D01,เมืองนครราชสีมา,Mueang Nakhon Ratchasima,mueang-nakhon-ratchasima,300104,TH-P29-D01-T04,โคกสูง,t-300104,AMPHOE MUEANG NAKHON RATCHASIMA,TAMBON KHOK SUNG,TAMBON KHOK SUNG,False,MATCHED,EXACT_NORMALIZED_EN,
NR-RESEARCH-AREA-004,4,Mueang Nakhon Ratchasima / Maroeng / ID 4,Maroeng,Mueang Nakhon Ratchasima,Mueang Nakhon Ratchasima,Collecting,Collecting,TH-P29,30,นครราชสีมา,Nakhon Ratchasima,3001,TH-P29-D01,เมืองนครราชสีมา,Mueang Nakhon Ratchasima,mueang-nakhon-ratchasima,300105,TH-P29-D01-T05,มะเริง,t-300105,AMPHOE MUEANG NAKHON RATCHASIMA,TAMBON MAROENG,TAMBON MAROENG,False,MATCHED,EXACT_NORMALIZED_EN,
NR-RESEARCH-AREA-005,5,Mueang Nakhon Ratchasima / Nong Rawiang / ID 5,Nong Rawiang,Mueang Nakhon Ratchasima,Mueang Nakhon Ratchasima,Collecting,Collecting,TH-P29,30,นครราชสีมา,Nakhon Ratchasima,3001,TH-P29-D01,เมืองนครราชสีมา,Mueang Nakhon Ratchasima,mueang-nakhon-ratchasima,300106,TH-P29-D01-T06,หนองระเวียง,t-300106,AMPHOE MUEANG NAKHON RATCHASIMA,TAMBON NONG RAWIANG,TAMBON NONG RAWIANG,False,MATCHED,EXACT_NORMALIZED_EN,
NR-RESEARCH-AREA-006,6,Mueang Nakhon Ratchasima / Pru Yai / ID 6,Pru Yai,Mueang Nakhon Ratchasima,Mueang Nakhon Ratchasima,Collecting,Collecting,TH-P29,30,นครราชสีมา,Nakhon Ratchasima,3001,TH-P29-D01,เมืองนครราชสีมา,Mueang Nakhon Ratchasima,mueang-nakhon-ratchasima,300107,TH-P29-D01-T07,ปรุใหญ่,t-300107,AMPHOE MUEANG NAKHON RATCHASIMA,TAMBON PRU YAI,TAMBON PRU YAI,False,MATCHED,EXACT_NORMALIZED_EN,
NR-RESEARCH-AREA-007,7,Mueang Nakhon Ratchasima / Muen Wai / ID 7,Muen Wai,Mueang Nakhon Ratchasima,Mueang Nakhon Ratchasima,Collecting,Collecting,TH-P29,30,นครราชสีมา,Nakhon Ratchasima,3001,TH-P29-D01,เมืองนครราชสีมา,Mueang Nakhon Ratchasima,mueang-nakhon-ratchasima,300108,TH-P29-D01-T08,หมื่นไวย,t-300108,AMPHOE MUEANG NAKHON RATCHASIMA,TAMBON MUEN WAI,TAMBON MUEN WAI,False,MATCHED,EXACT_NORMALIZED_EN,
NR-RESEARCH-AREA-008,8,Mueang Nakhon Ratchasima / Phon Krang / ID 8,Phon Krang,Mueang Nakhon Ratchasima,Mueang Nakhon Ratchasima,Collecting,Collecting,TH-P29,30,นครราชสีมา,Nakhon Ratchasima,3001,TH-P29-D01,เมืองนครราชสีมา,Mueang Nakhon Ratchasima,mueang-nakhon-ratchasima,300109,TH-P29-D01-T09,พลกรัง,t-300109,AMPHOE MUEANG NAKHON RATCHASIMA,TAMBON PHON KRANG,TAMBON PHON KRANG,False,MATCHED,EXACT_NORMALIZED_EN,
NR-RESEARCH-AREA-009,9,Mueang Nakhon Ratchasima / Nong Phai Lom / ID 9,Nong Phai Lom,Mueang Nakhon Ratchasima,Mueang Nakhon Ratchasima,Collecting,Collecting,TH-P29,30,นครราชสีมา,Nakhon Ratchasima,3001,TH-P29-D01,เมืองนครราชสีมา,Mueang Nakhon Ratchasima,mueang-nakhon-ratchasima,300110,TH-P29-D01-T10,หนองไผ่ล้อม,t-300110,AMPHOE MUEANG NAKHON RATCHASIMA,TAMBON NONG PHAI LOM,TAMBON NONG PHAI LOM,False,MATCHED,EXACT_NORMALIZED_EN,
NR-RESEARCH-AREA-010,10,Mueang Nakhon Ratchasima / Hua Thale / ID 10,Hua Thale,Mueang Nakhon Ratchasima,Mueang Nakhon Ratchasima,Collecting,Collecting,TH-P29,30,นครราชสีมา,Nakhon Ratchasima,3001,TH-P29-D01,เมืองนครราชสีมา,Mueang Nakhon Ratchasima,mueang-nakhon-ratchasima,300111,TH-P29-D01-T11,หัวทะเล,t-300111,AMPHOE MUEANG NAKHON RATCHASIMA,TAMBON HUA THALE,TAMBON HUA THALE,False,MATCHED,EXACT_NORMALIZED_EN,
NR-RESEARCH-AREA-011,11,Mueang Nakhon Ratchasima / Ban Ko / ID 11,Ban Ko,Mueang Nakhon Ratchasima,Mueang Nakhon Ratchasima,Collecting,Collecting,TH-P29,30,นครราชสีมา,Nakhon Ratchasima,3001,TH-P29-D01,เมืองนครราชสีมา,Mueang Nakhon Ratchasima,mueang-nakhon-ratchasima,300112,TH-P29-D01-T12,บ้านเกาะ,t-300112,AMPHOE MUEANG NAKHON RATCHASIMA,TAMBON BAN KO,TAMBON BAN KO,False,MATCHED,EXACT_NORMALIZED_EN,
NR-RESEARCH-AREA-012,12,Mueang Nakhon Ratchasima / Ban Mai / ID 12,Ban Mai,Mueang Nakhon Ratchasima,Mueang Nakhon Ratchasima,Collecting,Collecting,TH-P29,30,นครราชสีมา,Nakhon Ratchasima,3001,TH-P29-D01,เมืองนครราชสีมา,Mueang Nakhon Ratchasima,mueang-nakhon-ratchasima,300113,TH-P29-D01-T13,บ้านใหม่,t-300113,AMPHOE MUEANG NAKHON RATCHASIMA,TAMBON SURANARI,TAMBON BAN MAI,True,MATCHED,GEODATA_EN_LABEL_OVERRIDE;ALIAS_NORMALIZED_EN,GEODATA_LABEL_OVERRIDE
NR-RESEARCH-AREA-013,13,Mueang Nakhon Ratchasima / Phut Sa / ID 13,Phut Sa,Mueang Nakhon Ratchasima,Mueang Nakhon Ratchasima,Collecting,Collecting,TH-P29,30,นครราชสีมา,Nakhon Ratchasima,3001,TH-P29-D01,เมืองนครราชสีมา,Mueang Nakhon Ratchasima,mueang-nakhon-ratchasima,300114,TH-P29-D01-T14,พุดซา,t-300114,AMPHOE MUEANG NAKHON RATCHASIMA,TAMBON PHUT SA,TAMBON PHUT SA,False,MATCHED,EXACT_NORMALIZED_EN,
NR-RESEARCH-AREA-014,14,Mueang Nakhon Ratchasima / Ban Pho / ID 14,Ban Pho,Mueang Nakhon Ratchasima,Mueang Nakhon Ratchasima,Irragation,Irrigation,TH-P29,30,นครราชสีมา,Nakhon Ratchasima,3001,TH-P29-D01,เมืองนครราชสีมา,Mueang Nakhon Ratchasima,mueang-nakhon-ratchasima,300115,TH-P29-D01-T15,บ้านโพธิ์,t-300115,AMPHOE MUEANG NAKHON RATCHASIMA,TAMBON BAN PHO,TAMBON BAN PHO,False,MATCHED,EXACT_NORMALIZED_EN;IRRIGATION_STATUS_NORMALIZED,IRRIGATION_STATUS_NORMALIZED
NR-RESEARCH-AREA-015,15,Mueang Nakhon Ratchasima / Cho Ho / ID 15,Cho Ho,Mueang Nakhon Ratchasima,Mueang Nakhon Ratchasima,Irragation,Irrigation,TH-P29,30,นครราชสีมา,Nakhon Ratchasima,3001,TH-P29-D01,เมืองนครราชสีมา,Mueang Nakhon Ratchasima,mueang-nakhon-ratchasima,300116,TH-P29-D01-T16,จอหอ,t-300116,AMPHOE MUEANG NAKHON RATCHASIMA,TAMBON CHO HO,TAMBON CHO HO,False,MATCHED,EXACT_NORMALIZED_EN;IRRIGATION_STATUS_NORMALIZED,IRRIGATION_STATUS_NORMALIZED
NR-RESEARCH-AREA-016,16,Mueang Nakhon Ratchasima / Khok Kruat / ID 16,Khok Kruat,Mueang Nakhon Ratchasima,Mueang Nakhon Ratchasima,RainFed,RainFed,TH-P29,30,นครราชสีมา,Nakhon Ratchasima,3001,TH-P29-D01,เมืองนครราชสีมา,Mueang Nakhon Ratchasima,mueang-nakhon-ratchasima,300117,TH-P29-D01-T17,โคกกรวด,t-300117,AMPHOE MUEANG NAKHON RATCHASIMA,TAMBON KHOK KRUAT,TAMBON KHOK KRUAT,False,MATCHED,EXACT_NORMALIZED_EN,
NR-RESEARCH-AREA-017,17,Mueang Nakhon Ratchasima / Chai Mongkhon / ID 17,Chai Mongkhon,Mueang Nakhon Ratchasima,Mueang Nakhon Ratchasima,RainFed,RainFed,TH-P29,30,นครราชสีมา,Nakhon Ratchasima,3001,TH-P29-D01,เมืองนครราชสีมา,Mueang Nakhon Ratchasima,mueang-nakhon-ratchasima,300118,TH-P29-D01-T18,ไชยมงคล,t-300118,AMPHOE MUEANG NAKHON RATCHASIMA,TAMBON CHAI MONGKHON,TAMBON CHAI MONGKHON,False,MATCHED,EXACT_NORMALIZED_EN,
NR-RESEARCH-AREA-018,18,Mueang Nakhon Ratchasima / Nong Bua Sala / ID 18,Nong Bua Sala,Mueang Nakhon Ratchasima,Mueang Nakhon Ratchasima,Collecting,Collecting,TH-P29,30,นครราชสีมา,Nakhon Ratchasima,3001,TH-P29-D01,เมืองนครราชสีมา,Mueang Nakhon Ratchasima,mueang-nakhon-ratchasima,300119,TH-P29-D01-T19,หนองบัวศาลา,t-300119,AMPHOE MUEANG NAKHON RATCHASIMA,TAMBON NONG BUA SALA,TAMBON NONG BUA SALA,False,MATCHED,EXACT_NORMALIZED_EN,
NR-RESEARCH-AREA-019,19,Mueang Nakhon Ratchasima / Suranari / ID 19,Suranari,Mueang Nakhon Ratchasima,Mueang Nakhon Ratchasima,RainFed,RainFed,TH-P29,30,นครราชสีมา,Nakhon Ratchasima,3001,TH-P29-D01,เมืองนครราชสีมา,Mueang Nakhon Ratchasima,mueang-nakhon-ratchasima,300120,TH-P29-D01-T20,สุรนารี,t-300120,AMPHOE MUEANG NAKHON RATCHASIMA,TAMBON SURANARI,TAMBON SURANARI,False,MATCHED,EXACT_NORMALIZED_EN,
NR-RESEARCH-AREA-020,20,Mueang Nakhon Ratchasima / Si Mum / ID 20,Si Mum,Mueang Nakhon Ratchasima,Mueang Nakhon Ratchasima,Collecting,Collecting,TH-P29,30,นครราชสีมา,Nakhon Ratchasima,3001,TH-P29-D01,เมืองนครราชสีมา,Mueang Nakhon Ratchasima,mueang-nakhon-ratchasima,300121,TH-P29-D01-T21,สีมุม,t-300121,AMPHOE MUEANG NAKHON RATCHASIMA,TAMBON SI MUM,TAMBON SI MUM,False,MATCHED,EXACT_NORMALIZED_EN,
NR-RESEARCH-AREA-021,21,Mueang Nakhon Ratchasima / Talat / ID 21,Talat,Mueang Nakhon Ratchasima,Mueang Nakhon Ratchasima,Collecting,Collecting,TH-P29,30,นครราชสีมา,Nakhon Ratchasima,3001,TH-P29-D01,เมืองนครราชสีมา,Mueang Nakhon Ratchasima,mueang-nakhon-ratchasima,300122,TH-P29-D01-T22,ตลาด,t-300122,AMPHOE MUEANG NAKHON RATCHASIMA,TAMBON TALAT,TAMBON TALAT,False,MATCHED,EXACT_NORMALIZED_EN,
NR-RESEARCH-AREA-022,22,Mueang Nakhon Ratchasima / Phanao / ID 22,Phanao,Mueang Nakhon Ratchasima,Mueang Nakhon Ratchasima,Irragation,Irrigation,TH-P29,30,นครราชสีมา,Nakhon Ratchasima,3001,TH-P29-D01,เมืองนครราชสีมา,Mueang Nakhon Ratchasima,mueang-nakhon-ratchasima,300123,TH-P29-D01-T23,พะเนา,t-300123,AMPHOE MUEANG NAKHON RATCHASIMA,TAMBON PHANAO,TAMBON PHANAO,False,MATCHED,EXACT_NORMALIZED_EN;IRRIGATION_STATUS_NORMALIZED,IRRIGATION_STATUS_NORMALIZED
NR-RESEARCH-AREA-023,23,Mueang Nakhon Ratchasima / Nong Krathum / ID 23,Nong Krathum,Mueang Nakhon Ratchasima,Mueang Nakhon Ratchasima,Irragation,Irrigation,TH-P29,30,นครราชสีมา,Nakhon Ratchasima,3001,TH-P29-D01,เมืองนครราชสีมา,Mueang Nakhon Ratchasima,mueang-nakhon-ratchasima,300124,TH-P29-D01-T24,หนองกระทุ่ม,t-300124,AMPHOE MUEANG NAKHON RATCHASIMA,TAMBON NONG KRATHUM,TAMBON NONG KRATHUM,False,MATCHED,EXACT_NORMALIZED_EN;IRRIGATION_STATUS_NORMALIZED,IRRIGATION_STATUS_NORMALIZED
NR-RESEARCH-AREA-024,24,Mueang Nakhon Ratchasima / Nong Khai Nam / ID 24,Nong Khai Nam,Mueang Nakhon Ratchasima,Mueang Nakhon Ratchasima,Collecting,Collecting,TH-P29,30,นครราชสีมา,Nakhon Ratchasima,3001,TH-P29-D01,เมืองนครราชสีมา,Mueang Nakhon Ratchasima,mueang-nakhon-ratchasima,300125,TH-P29-D01-T25,หนองไข่น้ำ,t-300125,AMPHOE MUEANG NAKHON RATCHASIMA,TAMBON NONG KHAI NAM,TAMBON NONG KHAI NAM,False,MATCHED,EXACT_NORMALIZED_EN,
NR-RESEARCH-AREA-052,52,Khon Buri / Chae / ID 52,Chae,Khon Buri,Khon Buri,RainFed,RainFed,TH-P29,30,นครราชสีมา,Nakhon Ratchasima,3002,TH-P29-D02,ครบุรี,Khon Buri,khon-buri,300201,TH-P29-D02-T01,แชะ,t-300201,AMPHOE KHON BURI,TAMBON CHAE,TAMBON CHAE,False,MATCHED,EXACT_NORMALIZED_EN,
NR-RESEARCH-AREA-053,53,Khon Buri / Chaliang / ID 53,Chaliang,Khon Buri,Khon Buri,Collecting,Collecting,TH-P29,30,นครราชสีมา,Nakhon Ratchasima,3002,TH-P29-D02,ครบุรี,Khon Buri,khon-buri,300202,TH-P29-D02-T02,เฉลียง,t-300202,AMPHOE KHON BURI,TAMBON CHALIANG,TAMBON CHALIANG,False,MATCHED,EXACT_NORMALIZED_EN,
NR-RESEARCH-AREA-054,54,Khon Buri / Khon Buri / ID 54,Khon Buri,Khon Buri,Khon Buri,Collecting,Collecting,TH-P29,30,นครราชสีมา,Nakhon Ratchasima,3002,TH-P29-D02,ครบุรี,Khon Buri,khon-buri,300203,TH-P29-D02-T03,ครบุรี,t-300203,AMPHOE KHON BURI,TAMBON KHON BURI,TAMBON KHON BURI,False,MATCHED,EXACT_NORMALIZED_EN,
NR-RESEARCH-AREA-055,55,Khon Buri / Khok Krachai / ID 55,Khok Krachai,Khon Buri,Khon Buri,Collecting,Collecting,TH-P29,30,นครราชสีมา,Nakhon Ratchasima,3002,TH-P29-D02,ครบุรี,Khon Buri,khon-buri,300204,TH-P29-D02-T04,โคกกระชาย,t-300204,AMPHOE KHON BURI,TAMBON KHOK KRACHAI,TAMBON KHOK KRACHAI,False,MATCHED,EXACT_NORMALIZED_EN,
NR-RESEARCH-AREA-056,56,Khon Buri / Chorakhe Hin / ID 56,Chorakhe Hin,Khon Buri,Khon Buri,Collecting,Collecting,TH-P29,30,นครราชสีมา,Nakhon Ratchasima,3002,TH-P29-D02,ครบุรี,Khon Buri,khon-buri,300205,TH-P29-D02-T05,จระเข้หิน,t-300205,AMPHOE KHON BURI,TAMBON CHORAKHE HIN,TAMBON CHORAKHE HIN,False,MATCHED,EXACT_NORMALIZED_EN,
NR-RESEARCH-AREA-057,57,Khon Buri / Map Tako En / ID 57,Map Tako En,Khon Buri,Khon Buri,RainFed,RainFed,TH-P29,30,นครราชสีมา,Nakhon Ratchasima,3002,TH-P29-D02,ครบุรี,Khon Buri,khon-buri,300206,TH-P29-D02-T06,มาบตะโกเอน,t-300206,AMPHOE KHON BURI,TAMBON MAP TAKO EN,TAMBON MAP TAKO EN,False,MATCHED,EXACT_NORMALIZED_EN,
NR-RESEARCH-AREA-058,58,Khon Buri / Oraphim / ID 58,Oraphim,Khon Buri,Khon Buri,Collecting,Collecting,TH-P29,30,นครราชสีมา,Nakhon Ratchasima,3002,TH-P29-D02,ครบุรี,Khon Buri,khon-buri,300207,TH-P29-D02-T07,อรพิมพ์,t-300207,AMPHOE KHON BURI,TAMBON ORAPHIM,TAMBON ORAPHIM,False,MATCHED,EXACT_NORMALIZED_EN,
NR-RESEARCH-AREA-059,59,Khon Buri / Ban Mai / ID 59,Ban Mai,Khon Buri,Khon Buri,RainFed,RainFed,TH-P29,30,นครราชสีมา,Nakhon Ratchasima,3002,TH-P29-D02,ครบุรี,Khon Buri,khon-buri,300208,TH-P29-D02-T08,บ้านใหม่,t-300208,AMPHOE KHON BURI,TAMBON BAN MAI,TAMBON BAN MAI,False,MATCHED,EXACT_NORMALIZED_EN,
NR-RESEARCH-AREA-060,60,Khon Buri / Lamphiak / ID 60,Lamphiak,Khon Buri,Khon Buri,RainFed,RainFed,TH-P29,30,นครราชสีมา,Nakhon Ratchasima,3002,TH-P29-D02,ครบุรี,Khon Buri,khon-buri,300209,TH-P29-D02-T09,ลำเพียก,t-300209,AMPHOE KHON BURI,TAMBON LAMPHIAK,TAMBON LAMPHIAK,False,MATCHED,EXACT_NORMALIZED_EN,
NR-RESEARCH-AREA-061,61,Khon Buri / Khon Buri Tai / ID 61,Khon Buri Tai,Khon Buri,Khon Buri,Collecting,Collecting,TH-P29,30,นครราชสีมา,Nakhon Ratchasima,3002,TH-P29-D02,ครบุรี,Khon Buri,khon-buri,300210,TH-P29-D02-T10,ครบุรีใต้,t-300210,AMPHOE KHON BURI,TAMBON KHON BURI TAI,TAMBON KHON BURI TAI,False,MATCHED,EXACT_NORMALIZED_EN,
NR-RESEARCH-AREA-062,62,Khon Buri / Tabaek Ban / ID 62,Tabaek Ban,Khon Buri,Khon Buri,Collecting,Collecting,TH-P29,30,นครราชสีมา,Nakhon Ratchasima,3002,TH-P29-D02,ครบุรี,Khon Buri,khon-buri,300211,TH-P29-D02-T11,ตะแบกบาน,t-300211,AMPHOE KHON BURI,TAMBON TABAEK BAN,TAMBON TABAEK BAN,False,MATCHED,EXACT_NORMALIZED_EN,
NR-RESEARCH-AREA-063,63,Khon Buri / Sa Wan Phraya / ID 63,Sa Wan Phraya,Khon Buri,Khon Buri,RainFed,RainFed,TH-P29,30,นครราชสีมา,Nakhon Ratchasima,3002,TH-P29-D02,ครบุรี,Khon Buri,khon-buri,300212,TH-P29-D02-T12,สระว่านพระยา,t-300212,AMPHOE KHON BURI,TAMBON SA WAN PHRAYA,TAMBON SA WAN PHRAYA,False,MATCHED,EXACT_NORMALIZED_EN,
NR-RESEARCH-AREA-264,264,Soeng Sang / Soeng Sang / ID 264,Soeng Sang,Soeng Sang,Soeng Sang,RainFed,RainFed,TH-P29,30,นครราชสีมา,Nakhon Ratchasima,3003,TH-P29-D03,เสิงสาง,Soeng Sang,soeng-sang,300301,TH-P29-D03-T01,เสิงสาง,t-300301,AMPHOE SOENG SANG,TAMBON SOENG SANG,TAMBON SOENG SANG,False,MATCHED,EXACT_NORMALIZED_EN,
NR-RESEARCH-AREA-265,265,Soeng Sang / Sa Takhian / ID 265,Sa Takhian,Soeng Sang,Soeng Sang,Collecting,Collecting,TH-P29,30,นครราชสีมา,Nakhon Ratchasima,3003,TH-P29-D03,เสิงสาง,Soeng Sang,soeng-sang,300302,TH-P29-D03-T02,สระตะเคียน,t-300302,AMPHOE SOENG SANG,TAMBON SA TAKHIAN,TAMBON SA TAKHIAN,False,MATCHED,EXACT_NORMALIZED_EN,
NR-RESEARCH-AREA-266,266,Soeng Sang / Non Sombun / ID 266,Non Sombun,Soeng Sang,Soeng Sang,RainFed,RainFed,TH-P29,30,นครราชสีมา,Nakhon Ratchasima,3003,TH-P29-D03,เสิงสาง,Soeng Sang,soeng-sang,300303,TH-P29-D03-T03,โนนสมบูรณ์,t-300303,AMPHOE SOENG SANG,TAMBON NON SOMBUN,TAMBON NON SOMBUN,False,MATCHED,EXACT_NORMALIZED_EN,
NR-RESEARCH-AREA-267,267,Soeng Sang / Kut Bot / ID 267,Kut Bot,Soeng Sang,Soeng Sang,Collecting,Collecting,TH-P29,30,นครราชสีมา,Nakhon Ratchasima,3003,TH-P29-D03,เสิงสาง,Soeng Sang,soeng-sang,300304,TH-P29-D03-T04,กุดโบสถ์,t-300304,AMPHOE SOENG SANG,TAMBON KUT BOT,TAMBON KUT BOT,False,MATCHED,EXACT_NORMALIZED_EN,
NR-RESEARCH-AREA-268,268,Soeng Sang / Suk Phaibun / ID 268,Suk Phaibun,Soeng Sang,Soeng Sang,Collecting,Collecting,TH-P29,30,นครราชสีมา,Nakhon Ratchasima,3003,TH-P29-D03,เสิงสาง,Soeng Sang,soeng-sang,300305,TH-P29-D03-T05,สุขไพบูลย์,t-300305,AMPHOE SOENG SANG,TAMBON SUK PHAIBUN,TAMBON SUK PHAIBUN,False,MATCHED,EXACT_NORMALIZED_EN,
NR-RESEARCH-AREA-269,269,Soeng Sang / Ban Rat / ID 269,Ban Rat,Soeng Sang,Soeng Sang,RainFed,RainFed,TH-P29,30,นครราชสีมา,Nakhon Ratchasima,3003,TH-P29-D03,เสิงสาง,Soeng Sang,soeng-sang,300306,TH-P29-D03-T06,บ้านราษฎร์,t-300306,AMPHOE SOENG SANG,TAMBON BAN RAT,TAMBON BAN RAT,False,MATCHED,EXACT_NORMALIZED_EN,
NR-RESEARCH-AREA-042,42,Khong / Mueang Khong / ID 42,Mueang Khong,Khong,Khong,RainFed,RainFed,TH-P29,30,นครราชสีมา,Nakhon Ratchasima,3004,TH-P29-D04,คง,Khong,khong,300401,TH-P29-D04-T01,เมืองคง,t-300401,AMPHOE KHONG,TAMBON MUEANG KHONG,TAMBON MUEANG KHONG,False,MATCHED,EXACT_NORMALIZED_EN,
NR-RESEARCH-AREA-043,43,Khong / Khu Khat / ID 43,Khu Khat,Khong,Khong,RainFed,RainFed,TH-P29,30,นครราชสีมา,Nakhon Ratchasima,3004,TH-P29-D04,คง,Khong,khong,300402,TH-P29-D04-T02,คูขาด,t-300402,AMPHOE KHONG,TAMBON KHU KHAT,TAMBON KHU KHAT,False,MATCHED,EXACT_NORMALIZED_EN,
NR-RESEARCH-AREA-044,44,Khong / Thephalai / ID 44,Thephalai,Khong,Khong,RainFed,RainFed,TH-P29,30,นครราชสีมา,Nakhon Ratchasima,3004,TH-P29-D04,คง,Khong,khong,300403,TH-P29-D04-T03,เทพาลัย,t-300403,AMPHOE KHONG,TAMBON THEPHALAI,TAMBON THEPHALAI,False,MATCHED,EXACT_NORMALIZED_EN,
NR-RESEARCH-AREA-045,45,Khong / Ta Chan / ID 45,Ta Chan,Khong,Khong,Collecting,Collecting,TH-P29,30,นครราชสีมา,Nakhon Ratchasima,3004,TH-P29-D04,คง,Khong,khong,300404,TH-P29-D04-T04,ตาจั่น,t-300404,AMPHOE KHONG,TAMBON TA CHAN,TAMBON TA CHAN,False,MATCHED,EXACT_NORMALIZED_EN,
NR-RESEARCH-AREA-046,46,Khong / Ban Prang / ID 46,Ban Prang,Khong,Khong,RainFed,RainFed,TH-P29,30,นครราชสีมา,Nakhon Ratchasima,3004,TH-P29-D04,คง,Khong,khong,300405,TH-P29-D04-T05,บ้านปรางค์,t-300405,AMPHOE KHONG,TAMBON BAN PRANG,TAMBON BAN PRANG,False,MATCHED,EXACT_NORMALIZED_EN,
NR-RESEARCH-AREA-047,47,Khong / Nong Manao / ID 47,Nong Manao,Khong,Khong,Collecting,Collecting,TH-P29,30,นครราชสีมา,Nakhon Ratchasima,3004,TH-P29-D04,คง,Khong,khong,300406,TH-P29-D04-T06,หนองมะนาว,t-300406,AMPHOE KHONG,TAMBON NONG MANAO,TAMBON NONG MANAO,False,MATCHED,EXACT_NORMALIZED_EN,
NR-RESEARCH-AREA-048,48,Khong / Nong Bua / ID 48,Nong Bua,Khong,Khong,Collecting,Collecting,TH-P29,30,นครราชสีมา,Nakhon Ratchasima,3004,TH-P29-D04,คง,Khong,khong,300407,TH-P29-D04-T07,หนองบัว,t-300407,AMPHOE KHONG,TAMBON NONG BUA,TAMBON NONG BUA,False,MATCHED,EXACT_NORMALIZED_EN,
NR-RESEARCH-AREA-049,49,Khong / Non Teng / ID 49,Non Teng,Khong,Khong,Collecting,Collecting,TH-P29,30,นครราชสีมา,Nakhon Ratchasima,3004,TH-P29-D04,คง,Khong,khong,300408,TH-P29-D04-T08,โนนเต็ง,t-300408,AMPHOE KHONG,TAMBON NON TENG,TAMBON NON TENG,False,MATCHED,EXACT_NORMALIZED_EN,
NR-RESEARCH-AREA-050,50,Khong / Don Yai / ID 50,Don Yai,Khong,Khong,Collecting,Collecting,TH-P29,30,นครราชสีมา,Nakhon Ratchasima,3004,TH-P29-D04,คง,Khong,khong,300409,TH-P29-D04-T09,ดอนใหญ่,t-300409,AMPHOE KHONG,TAMBON DON YAI,TAMBON DON YAI,False,MATCHED,EXACT_NORMALIZED_EN,
NR-RESEARCH-AREA-051,51,Khong / Kham Sombun / ID 51,Kham Sombun,Khong,Khong,Collecting,Collecting,TH-P29,30,นครราชสีมา,Nakhon Ratchasima,3004,TH-P29-D04,คง,Khong,khong,300410,TH-P29-D04-T10,ขามสมบูรณ์,t-300410,AMPHOE KHONG,TAMBON KHAM SOMBUN,TAMBON KHAM SOMBUN,False,MATCHED,EXACT_NORMALIZED_EN,
NR-RESEARCH-AREA-161,161,Ban Lueam / Ban Lueam / ID 161,Ban Lueam,Ban Lueam,Ban Lueam,Collecting,Collecting,TH-P29,30,นครราชสีมา,Nakhon Ratchasima,3005,TH-P29-D05,บ้านเหลื่อม,Ban Lueam,ban-lueam,300501,TH-P29-D05-T01,บ้านเหลื่อม,t-300501,AMPHOE BAN LUEAM,TAMBON BAN LUEAM,TAMBON BAN LUEAM,False,MATCHED,EXACT_NORMALIZED_EN,
NR-RESEARCH-AREA-162,162,Ban Lueam / Wang Pho / ID 162,Wang Pho,Ban Lueam,Ban Lueam,RainFed,RainFed,TH-P29,30,นครราชสีมา,Nakhon Ratchasima,3005,TH-P29-D05,บ้านเหลื่อม,Ban Lueam,ban-lueam,300502,TH-P29-D05-T02,วังโพธิ์,t-300502,AMPHOE BAN LUEAM,TAMBON WANG PHO,TAMBON WANG PHO,False,MATCHED,EXACT_NORMALIZED_EN,
NR-RESEARCH-AREA-163,163,Ban Lueam / Khok Krabueang / ID 163,Khok Krabueang,Ban Lueam,Ban Lueam,Irragation,Irrigation,TH-P29,30,นครราชสีมา,Nakhon Ratchasima,3005,TH-P29-D05,บ้านเหลื่อม,Ban Lueam,ban-lueam,300503,TH-P29-D05-T03,โคกกระเบื้อง,t-300503,AMPHOE BAN LUEAM,TAMBON KHOK KRABUEANG,TAMBON KHOK KRABUEANG,False,MATCHED,EXACT_NORMALIZED_EN;IRRIGATION_STATUS_NORMALIZED,IRRIGATION_STATUS_NORMALIZED
NR-RESEARCH-AREA-164,164,Ban Lueam / Cho Raka / ID 164,Cho Raka,Ban Lueam,Ban Lueam,Irragation,Irrigation,TH-P29,30,นครราชสีมา,Nakhon Ratchasima,3005,TH-P29-D05,บ้านเหลื่อม,Ban Lueam,ban-lueam,300504,TH-P29-D05-T04,ช่อระกา,t-300504,AMPHOE BAN LUEAM,TAMBON CHO RAKA,TAMBON CHO RAKA,False,MATCHED,EXACT_NORMALIZED_EN;IRRIGATION_STATUS_NORMALIZED,IRRIGATION_STATUS_NORMALIZED
NR-RESEARCH-AREA-064,64,Chakkarat / Chakkarat / ID 64,Chakkarat,Chakkarat,Chakkarat,Collecting,Collecting,TH-P29,30,นครราชสีมา,Nakhon Ratchasima,3006,TH-P29-D06,จักราช,Chakkarat,chakkarat,300601,TH-P29-D06-T01,จักราช,t-300601,AMPHOE CHAKKARAT,TAMBON CHAKKARAT,TAMBON CHAKKARAT,False,MATCHED,EXACT_NORMALIZED_EN,
NR-RESEARCH-AREA-065,65,Chakkarat / Thong Lang / ID 65,Thong Lang,Chakkarat,Chakkarat,Collecting,Collecting,TH-P29,30,นครราชสีมา,Nakhon Ratchasima,3006,TH-P29-D06,จักราช,Chakkarat,chakkarat,300603,TH-P29-D06-T03,ทองหลาง,t-300603,AMPHOE CHAKKARAT,TAMBON THONG LANG,TAMBON THONG LANG,False,MATCHED,EXACT_NORMALIZED_EN,
NR-RESEARCH-AREA-066,66,Chakkarat / Si Suk / ID 66,Si Suk,Chakkarat,Chakkarat,Collecting,Collecting,TH-P29,30,นครราชสีมา,Nakhon Ratchasima,3006,TH-P29-D06,จักราช,Chakkarat,chakkarat,300604,TH-P29-D06-T04,สีสุก,t-300604,AMPHOE CHAKKARAT,TAMBON SI SUK,TAMBON SI SUK,False,MATCHED,EXACT_NORMALIZED_EN,
NR-RESEARCH-AREA-067,67,Chakkarat / Nong Kham / ID 67,Nong Kham,Chakkarat,Chakkarat,Collecting,Collecting,TH-P29,30,นครราชสีมา,Nakhon Ratchasima,3006,TH-P29-D06,จักราช,Chakkarat,chakkarat,300605,TH-P29-D06-T05,หนองขาม,t-300605,AMPHOE CHAKKARAT,TAMBON NONG KHAM,TAMBON NONG KHAM,False,MATCHED,EXACT_NORMALIZED_EN,
NR-RESEARCH-AREA-068,68,Chakkarat / Nong Phluang / ID 68,Nong Phluang,Chakkarat,Chakkarat,Collecting,Collecting,TH-P29,30,นครราชสีมา,Nakhon Ratchasima,3006,TH-P29-D06,จักราช,Chakkarat,chakkarat,300607,TH-P29-D06-T07,หนองพลวง,t-300607,AMPHOE CHAKKARAT,TAMBON NONG PHLUANG,TAMBON NONG PHLUANG,False,MATCHED,EXACT_NORMALIZED_EN,
NR-RESEARCH-AREA-069,69,Chakkarat / Si Lako / ID 69,Si Lako,Chakkarat,Chakkarat,Collecting,Collecting,TH-P29,30,นครราชสีมา,Nakhon Ratchasima,3006,TH-P29-D06,จักราช,Chakkarat,chakkarat,300610,TH-P29-D06-T10,ศรีละกอ,t-300610,AMPHOE CHAKKARAT,TAMBON SI LAKO,TAMBON SI LAKO,False,MATCHED,EXACT_NORMALIZED_EN,
NR-RESEARCH-AREA-070,70,Chakkarat / Khlong Mueang / ID 70,Khlong Mueang,Chakkarat,Chakkarat,Collecting,Collecting,TH-P29,30,นครราชสีมา,Nakhon Ratchasima,3006,TH-P29-D06,จักราช,Chakkarat,chakkarat,300611,TH-P29-D06-T11,คลองเมือง,t-300611,AMPHOE CHAKKARAT,TAMBON KHLONG MUEANG,TAMBON KHLONG MUEANG,False,MATCHED,EXACT_NORMALIZED_EN,
NR-RESEARCH-AREA-071,71,Chakkarat / Hin Khon / ID 71,Hin Khon,Chakkarat,Chakkarat,Collecting,Collecting,TH-P29,30,นครราชสีมา,Nakhon Ratchasima,3006,TH-P29-D06,จักราช,Chakkarat,chakkarat,300613,TH-P29-D06-T13,หินโคน,t-300613,AMPHOE CHAKKARAT,TAMBON HIN KHON,TAMBON HIN KHON,False,MATCHED,EXACT_NORMALIZED_EN,
NR-RESEARCH-AREA-086,86,Chok Chai / Krathok / ID 86,Krathok,Chok Chai,Chok Chai,Collecting,Collecting,TH-P29,30,นครราชสีมา,Nakhon Ratchasima,3007,TH-P29-D07,โชคชัย,Chok Chai,chok-chai,300701,TH-P29-D07-T01,กระโทก,t-300701,AMPHOE CHOK CHAI,TAMBON KRATHOK,TAMBON KRATHOK,False,MATCHED,EXACT_NORMALIZED_EN,
NR-RESEARCH-AREA-087,87,Chok Chai / Phlapphla / ID 87,Phlapphla,Chok Chai,Chok Chai,Collecting,Collecting,TH-P29,30,นครราชสีมา,Nakhon Ratchasima,3007,TH-P29-D07,โชคชัย,Chok Chai,chok-chai,300702,TH-P29-D07-T02,พลับพลา,t-300702,AMPHOE CHOKCHAI,TAMBON PHLAPPHLA,TAMBON PHLAPPHLA,False,MATCHED,EXACT_NORMALIZED_EN,
NR-RESEARCH-AREA-088,88,Chok Chai / Tha Ang / ID 88,Tha Ang,Chok Chai,Chok Chai,RainFed,RainFed,TH-P29,30,นครราชสีมา,Nakhon Ratchasima,3007,TH-P29-D07,โชคชัย,Chok Chai,chok-chai,300703,TH-P29-D07-T03,ท่าอ่าง,t-300703,AMPHOE CHOKCHAI,TAMBON THA ANG,TAMBON THA ANG,False,MATCHED,EXACT_NORMALIZED_EN,
NR-RESEARCH-AREA-089,89,Chok Chai / Thung Arun / ID 89,Thung Arun,Chok Chai,Chok Chai,Collecting,Collecting,TH-P29,30,นครราชสีมา,Nakhon Ratchasima,3007,TH-P29-D07,โชคชัย,Chok Chai,chok-chai,300704,TH-P29-D07-T04,ทุ่งอรุณ,t-300704,AMPHOE CHOK CHAI,TAMBON THUNG ARUN,TAMBON THUNG ARUN,False,MATCHED,EXACT_NORMALIZED_EN,
NR-RESEARCH-AREA-090,90,Chok Chai / Tha Lat Khao / ID 90,Tha Lat Khao,Chok Chai,Chok Chai,Collecting,Collecting,TH-P29,30,นครราชสีมา,Nakhon Ratchasima,3007,TH-P29-D07,โชคชัย,Chok Chai,chok-chai,300705,TH-P29-D07-T05,ท่าลาดขาว,t-300705,AMPHOE CHOK CHAI,TAMBON THA LAT KHAO,TAMBON THA LAT KHAO,False,MATCHED,EXACT_NORMALIZED_EN,
NR-RESEARCH-AREA-091,91,Chok Chai / Tha Chalung / ID 91,Tha Chalung,Chok Chai,Chok Chai,RainFed,RainFed,TH-P29,30,นครราชสีมา,Nakhon Ratchasima,3007,TH-P29-D07,โชคชัย,Chok Chai,chok-chai,300706,TH-P29-D07-T06,ท่าจะหลุง,t-300706,AMPHOE CHOK CHAI,TAMBON THA CHALUNG,TAMBON THA CHALUNG,False,MATCHED,EXACT_NORMALIZED_EN,
NR-RESEARCH-AREA-092,92,Chok Chai / Tha Yiam / ID 92,Tha Yiam,Chok Chai,Chok Chai,Collecting,Collecting,TH-P29,30,นครราชสีมา,Nakhon Ratchasima,3007,TH-P29-D07,โชคชัย,Chok Chai,chok-chai,300707,TH-P29-D07-T07,ท่าเยี่ยม,t-300707,AMPHOE CHOK CHAI,TAMBON THA YIAM,TAMBON THA YIAM,False,MATCHED,EXACT_NORMALIZED_EN,
NR-RESEARCH-AREA-093,93,Chok Chai / Chok Chai / ID 93,Chok Chai,Chok Chai,Chok Chai,Collecting,Collecting,TH-P29,30,นครราชสีมา,Nakhon Ratchasima,3007,TH-P29-D07,โชคชัย,Chok Chai,chok-chai,300708,TH-P29-D07-T08,โชคชัย,t-300708,AMPHOE CHOKCHAI,TAMBON CHOK CHAI,TAMBON CHOK CHAI,False,MATCHED,EXACT_NORMALIZED_EN,
NR-RESEARCH-AREA-094,94,Chok Chai / Lalom Mai Phatthana / ID 94,Lalom Mai Phatthana,Chok Chai,Chok Chai,Collecting,Collecting,TH-P29,30,นครราชสีมา,Nakhon Ratchasima,3007,TH-P29-D07,โชคชัย,Chok Chai,chok-chai,300709,TH-P29-D07-T09,ละลมใหม่พัฒนา,t-300709,AMPHOE CHOKCHAI,TAMBON LALOM MAI PHATTHANA,TAMBON LALOM MAI PHATTHANA,False,MATCHED,EXACT_NORMALIZED_EN,
NR-RESEARCH-AREA-095,95,Chok Chai / Dan Kwian / ID 95,Dan Kwian,Chok Chai,Chok Chai,RainFed,RainFed,TH-P29,30,นครราชสีมา,Nakhon Ratchasima,3007,TH-P29-D07,โชคชัย,Chok Chai,chok-chai,300710,TH-P29-D07-T10,ด่านเกวียน,t-300710,AMPHOE CHOK CHAI,TAMBON DAN KWIAN,TAMBON DAN KWIAN,False,MATCHED,EXACT_NORMALIZED_EN,
NR-RESEARCH-AREA-096,96,Dan Khun Thot / Kut Phiman / ID 96,Kut Phiman,Dan Khun Thot,Dan Khun Thot,Collecting,Collecting,TH-P29,30,นครราชสีมา,Nakhon Ratchasima,3008,TH-P29-D08,ด่านขุนทด,Dan Khun Thot,dan-khun-thot,300801,TH-P29-D08-T01,กุดพิมาน,t-300801,AMPHOE DAN KHUN THOT,TAMBON KUT PHIMAN,TAMBON KUT PHIMAN,False,MATCHED,EXACT_NORMALIZED_EN,
NR-RESEARCH-AREA-097,97,Dan Khun Thot / Dan Khun Thot / ID 97,Dan Khun Thot,Dan Khun Thot,Dan Khun Thot,Collecting,Collecting,TH-P29,30,นครราชสีมา,Nakhon Ratchasima,3008,TH-P29-D08,ด่านขุนทด,Dan Khun Thot,dan-khun-thot,300802,TH-P29-D08-T02,ด่านขุนทด,t-300802,AMPHOE DAN KHUN THOT,TAMBON DAN KHUN THOT,TAMBON DAN KHUN THOT,False,MATCHED,EXACT_NORMALIZED_EN,
NR-RESEARCH-AREA-098,98,Dan Khun Thot / Dan Nok / ID 98,Dan Nok,Dan Khun Thot,Dan Khun Thot,RainFed,RainFed,TH-P29,30,นครราชสีมา,Nakhon Ratchasima,3008,TH-P29-D08,ด่านขุนทด,Dan Khun Thot,dan-khun-thot,300803,TH-P29-D08-T03,ด่านนอก,t-300803,AMPHOE DAN KHUN THOT,TAMBON DAN NOK,TAMBON DAN NOK,False,MATCHED,EXACT_NORMALIZED_EN,
NR-RESEARCH-AREA-099,99,Dan Khun Thot / Dan Nai / ID 99,Dan Nai,Dan Khun Thot,Dan Khun Thot,Collecting,Collecting,TH-P29,30,นครราชสีมา,Nakhon Ratchasima,3008,TH-P29-D08,ด่านขุนทด,Dan Khun Thot,dan-khun-thot,300804,TH-P29-D08-T04,ด่านใน,t-300804,AMPHOE DAN KHUN THOT,TAMBON DAN NAI,TAMBON DAN NAI,False,MATCHED,EXACT_NORMALIZED_EN,
NR-RESEARCH-AREA-100,100,Dan Khun Thot / Takhian / ID 100,Takhian,Dan Khun Thot,Dan Khun Thot,Collecting,Collecting,TH-P29,30,นครราชสีมา,Nakhon Ratchasima,3008,TH-P29-D08,ด่านขุนทด,Dan Khun Thot,dan-khun-thot,300805,TH-P29-D08-T05,ตะเคียน,t-300805,AMPHOE DAN KHUN THOT,TAMBON TAKHIAN,TAMBON TAKHIAN,False,MATCHED,EXACT_NORMALIZED_EN,
NR-RESEARCH-AREA-101,101,Dan Khun Thot / Ban Kao / ID 101,Ban Kao,Dan Khun Thot,Dan Khun Thot,Collecting,Collecting,TH-P29,30,นครราชสีมา,Nakhon Ratchasima,3008,TH-P29-D08,ด่านขุนทด,Dan Khun Thot,dan-khun-thot,300806,TH-P29-D08-T06,บ้านเก่า,t-300806,AMPHOE DAN KHUN THOT,TAMBON BAN KAO,TAMBON BAN KAO,False,MATCHED,EXACT_NORMALIZED_EN,
NR-RESEARCH-AREA-102,102,Dan Khun Thot / Ban Praeng / ID 102,Ban Praeng,Dan Khun Thot,Dan Khun Thot,Collecting,Collecting,TH-P29,30,นครราชสีมา,Nakhon Ratchasima,3008,TH-P29-D08,ด่านขุนทด,Dan Khun Thot,dan-khun-thot,300807,TH-P29-D08-T07,บ้านแปรง,t-300807,AMPHOE DAN KHUN THOT,TAMBON BAN PRAENG,TAMBON BAN PRAENG,False,MATCHED,EXACT_NORMALIZED_EN,
NR-RESEARCH-AREA-103,103,Dan Khun Thot / Phan Chana / ID 103,Phan Chana,Dan Khun Thot,Dan Khun Thot,Collecting,Collecting,TH-P29,30,นครราชสีมา,Nakhon Ratchasima,3008,TH-P29-D08,ด่านขุนทด,Dan Khun Thot,dan-khun-thot,300808,TH-P29-D08-T08,พันชนะ,t-300808,AMPHOE DAN KHUN THOT,TAMBON PHAN CHANA,TAMBON PHAN CHANA,False,MATCHED,EXACT_NORMALIZED_EN,
NR-RESEARCH-AREA-104,104,Dan Khun Thot / Sa Chorakhe / ID 104,Sa Chorakhe,Dan Khun Thot,Dan Khun Thot,Collecting,Collecting,TH-P29,30,นครราชสีมา,Nakhon Ratchasima,3008,TH-P29-D08,ด่านขุนทด,Dan Khun Thot,dan-khun-thot,300809,TH-P29-D08-T09,สระจรเข้,t-300809,AMPHOE DAN KHUN THOT,TAMBON SA CHORAKHE,TAMBON SA CHORAKHE,False,MATCHED,EXACT_NORMALIZED_EN,
NR-RESEARCH-AREA-105,105,Dan Khun Thot / Nong Krat / ID 105,Nong Krat,Dan Khun Thot,Dan Khun Thot,Collecting,Collecting,TH-P29,30,นครราชสีมา,Nakhon Ratchasima,3008,TH-P29-D08,ด่านขุนทด,Dan Khun Thot,dan-khun-thot,300810,TH-P29-D08-T10,หนองกราด,t-300810,AMPHOE DAN KHUN THOT,TAMBON NONG KRAT,TAMBON NONG KRAT,False,MATCHED,EXACT_NORMALIZED_EN,
NR-RESEARCH-AREA-106,106,Dan Khun Thot / Nong Bua Takiat / ID 106,Nong Bua Takiat,Dan Khun Thot,Dan Khun Thot,Collecting,Collecting,TH-P29,30,นครราชสีมา,Nakhon Ratchasima,3008,TH-P29-D08,ด่านขุนทด,Dan Khun Thot,dan-khun-thot,300811,TH-P29-D08-T11,หนองบัวตะเกียด,t-300811,AMPHOE DAN KHUN THOT,TAMBON NONG BUA TAKIAT,TAMBON NONG BUA TAKIAT,False,MATCHED,EXACT_NORMALIZED_EN,
NR-RESEARCH-AREA-107,107,Dan Khun Thot / Nong Bua Lakhon / ID 107,Nong Bua Lakhon,Dan Khun Thot,Dan Khun Thot,RainFed,RainFed,TH-P29,30,นครราชสีมา,Nakhon Ratchasima,3008,TH-P29-D08,ด่านขุนทด,Dan Khun Thot,dan-khun-thot,300812,TH-P29-D08-T12,หนองบัวละคร,t-300812,AMPHOE DAN KHUN THOT,TAMBON NONG BUA LAKHON,TAMBON NONG BUA LAKHON,False,MATCHED,EXACT_NORMALIZED_EN,
NR-RESEARCH-AREA-108,108,Dan Khun Thot / Hin Dat / ID 108,Hin Dat,Dan Khun Thot,Dan Khun Thot,RainFed,RainFed,TH-P29,30,นครราชสีมา,Nakhon Ratchasima,3008,TH-P29-D08,ด่านขุนทด,Dan Khun Thot,dan-khun-thot,300813,TH-P29-D08-T13,หินดาด,t-300813,AMPHOE DAN KHUN THOT,TAMBON HIN DAT,TAMBON HIN DAT,False,MATCHED,EXACT_NORMALIZED_EN,
NR-RESEARCH-AREA-109,109,Dan Khun Thot / Huai Bong / ID 109,Huai Bong,Dan Khun Thot,Dan Khun Thot,RainFed,RainFed,TH-P29,30,นครราชสีมา,Nakhon Ratchasima,3008,TH-P29-D08,ด่านขุนทด,Dan Khun Thot,dan-khun-thot,300815,TH-P29-D08-T15,ห้วยบง,t-300815,AMPHOE DAN KHUN THOT,TAMBON HUAI BONG,TAMBON HUAI BONG,False,MATCHED,EXACT_NORMALIZED_EN,
NR-RESEARCH-AREA-110,110,Dan Khun Thot / Non Mueang Phatthana / ID 110,Non Mueang Phatthana,Dan Khun Thot,Dan Khun Thot,Collecting,Collecting,TH-P29,30,นครราชสีมา,Nakhon Ratchasima,3008,TH-P29-D08,ด่านขุนทด,Dan Khun Thot,dan-khun-thot,300817,TH-P29-D08-T17,โนนเมืองพัฒนา,t-300817,AMPHOE DAN KHUN THOT,TAMBON NON MUEANG PHATTHANA,TAMBON NON MUEANG PHATTHANA,False,MATCHED,EXACT_NORMALIZED_EN,
NR-RESEARCH-AREA-111,111,Dan Khun Thot / Nong Sai / ID 111,Nong Sai,Dan Khun Thot,Dan Khun Thot,RainFed,RainFed,TH-P29,30,นครราชสีมา,Nakhon Ratchasima,3008,TH-P29-D08,ด่านขุนทด,Dan Khun Thot,dan-khun-thot,300818,TH-P29-D08-T18,หนองไทร,t-300818,AMPHOE DAN KHUN THOT,TAMBON NONG SAI,TAMBON NONG SAI,False,MATCHED,EXACT_NORMALIZED_EN,
NR-RESEARCH-AREA-121,121,Non Thai / Non Thai / ID 121,Non Thai,Non Thai,Non Thai,RainFed,RainFed,TH-P29,30,นครราชสีมา,Nakhon Ratchasima,3009,TH-P29-D09,โนนไทย,Non Thai,non-thai,300901,TH-P29-D09-T01,โนนไทย,t-300901,AMPHOE NON THAI,TAMBON NON THAI,TAMBON NON THAI,False,MATCHED,EXACT_NORMALIZED_EN,
NR-RESEARCH-AREA-122,122,Non Thai / Dan Chak / ID 122,Dan Chak,Non Thai,Non Thai,RainFed,RainFed,TH-P29,30,นครราชสีมา,Nakhon Ratchasima,3009,TH-P29-D09,โนนไทย,Non Thai,non-thai,300902,TH-P29-D09-T02,ด่านจาก,t-300902,AMPHOE NON THAI,TAMBON DAN CHAK,TAMBON DAN CHAK,False,MATCHED,EXACT_NORMALIZED_EN,
NR-RESEARCH-AREA-123,123,Non Thai / Kampang / ID 123,Kampang,Non Thai,Non Thai,Collecting,Collecting,TH-P29,30,นครราชสีมา,Nakhon Ratchasima,3009,TH-P29-D09,โนนไทย,Non Thai,non-thai,300903,TH-P29-D09-T03,กำปัง,t-300903,AMPHOE NON THAI,TAMBON KAMPANG,TAMBON KAMPANG,False,MATCHED,EXACT_NORMALIZED_EN,
NR-RESEARCH-AREA-124,124,Non Thai / Samrong / ID 124,Samrong,Non Thai,Non Thai,RainFed,RainFed,TH-P29,30,นครราชสีมา,Nakhon Ratchasima,3009,TH-P29-D09,โนนไทย,Non Thai,non-thai,300904,TH-P29-D09-T04,สำโรง,t-300904,AMPHOE NON THAI,TAMBON SAMRONG,TAMBON SAMRONG,False,MATCHED,EXACT_NORMALIZED_EN,
NR-RESEARCH-AREA-125,125,Non Thai / Khang Phlu / ID 125,Khang Phlu,Non Thai,Non Thai,Collecting,Collecting,TH-P29,30,นครราชสีมา,Nakhon Ratchasima,3009,TH-P29-D09,โนนไทย,Non Thai,non-thai,300905,TH-P29-D09-T05,ค้างพลู,t-300905,AMPHOE NON THAI,TAMBON KHANG PHLU,TAMBON KHANG PHLU,False,MATCHED,EXACT_NORMALIZED_EN,
NR-RESEARCH-AREA-126,126,Non Thai / Ban Wang / ID 126,Ban Wang,Non Thai,Non Thai,Collecting,Collecting,TH-P29,30,นครราชสีมา,Nakhon Ratchasima,3009,TH-P29-D09,โนนไทย,Non Thai,non-thai,300906,TH-P29-D09-T06,บ้านวัง,t-300906,AMPHOE NON THAI,TAMBON BAN WANG,TAMBON BAN WANG,False,MATCHED,EXACT_NORMALIZED_EN,
NR-RESEARCH-AREA-127,127,Non Thai / Banlang / ID 127,Banlang,Non Thai,Non Thai,Collecting,Collecting,TH-P29,30,นครราชสีมา,Nakhon Ratchasima,3009,TH-P29-D09,โนนไทย,Non Thai,non-thai,300907,TH-P29-D09-T07,บัลลังก์,t-300907,AMPHOE NON THAI,TAMBON BANLANG,TAMBON BANLANG,False,MATCHED,EXACT_NORMALIZED_EN,
NR-RESEARCH-AREA-128,128,Non Thai / Sai-O / ID 128,Sai-O,Non Thai,Non Thai,Collecting,Collecting,TH-P29,30,นครราชสีมา,Nakhon Ratchasima,3009,TH-P29-D09,โนนไทย,Non Thai,non-thai,300908,TH-P29-D09-T08,สายออ,t-300908,AMPHOE NON THAI,TAMBON SAI-O,TAMBON SAI-O,False,MATCHED,EXACT_NORMALIZED_EN,
NR-RESEARCH-AREA-129,129,Non Thai / Thanon Pho / ID 129,Thanon Pho,Non Thai,Non Thai,Collecting,Collecting,TH-P29,30,นครราชสีมา,Nakhon Ratchasima,3009,TH-P29-D09,โนนไทย,Non Thai,non-thai,300909,TH-P29-D09-T09,ถนนโพธิ์,t-300909,AMPHOE NON THAI,TAMBON THANON PHO,TAMBON THANON PHO,False,MATCHED,EXACT_NORMALIZED_EN,
NR-RESEARCH-AREA-130,130,Non Thai / Makha / ID 130,Makha,Non Thai,Non Thai,RainFed,RainFed,TH-P29,30,นครราชสีมา,Nakhon Ratchasima,3009,TH-P29-D09,โนนไทย,Non Thai,non-thai,300914,TH-P29-D09-T14,มะค่า,t-300914,AMPHOE NON THAI,TAMBON MAKHA,TAMBON MAKHA,False,MATCHED,EXACT_NORMALIZED_EN,
NR-RESEARCH-AREA-131,131,Non Sung / Non Sung / ID 131,Non Sung,Non Sung,Non Sung,RainFed,RainFed,TH-P29,30,นครราชสีมา,Nakhon Ratchasima,3010,TH-P29-D10,โนนสูง,Non Sung,non-sung,301001,TH-P29-D10-T01,โนนสูง,t-301001,AMPHOE NON SUNG,TAMBON NON SUNG,TAMBON NON SUNG,False,MATCHED,EXACT_NORMALIZED_EN,
NR-RESEARCH-AREA-132,132,Non Sung / Mai / ID 132,Mai,Non Sung,Non Sung,RainFed,RainFed,TH-P29,30,นครราชสีมา,Nakhon Ratchasima,3010,TH-P29-D10,โนนสูง,Non Sung,non-sung,301002,TH-P29-D10-T02,ใหม่,t-301002,AMPHOE NON SUNG,TAMBON MAI,TAMBON MAI,False,MATCHED,EXACT_NORMALIZED_EN,
NR-RESEARCH-AREA-133,133,Non Sung / Tanot / ID 133,Tanot,Non Sung,Non Sung,Collecting,Collecting,TH-P29,30,นครราชสีมา,Nakhon Ratchasima,3010,TH-P29-D10,โนนสูง,Non Sung,non-sung,301003,TH-P29-D10-T03,โตนด,t-301003,AMPHOE NON SUNG,TAMBON TANOT,TAMBON TANOT,False,MATCHED,EXACT_NORMALIZED_EN,
NR-RESEARCH-AREA-134,134,Non Sung / Bing / ID 134,Bing,Non Sung,Non Sung,RainFed,RainFed,TH-P29,30,นครราชสีมา,Nakhon Ratchasima,3010,TH-P29-D10,โนนสูง,Non Sung,non-sung,301004,TH-P29-D10-T04,บิง,t-301004,AMPHOE NON SUNG,TAMBON BING,TAMBON BING,False,MATCHED,EXACT_NORMALIZED_EN,
NR-RESEARCH-AREA-135,135,Non Sung / Don Chomphu / ID 135,Don Chomphu,Non Sung,Non Sung,RainFed,RainFed,TH-P29,30,นครราชสีมา,Nakhon Ratchasima,3010,TH-P29-D10,โนนสูง,Non Sung,non-sung,301005,TH-P29-D10-T05,ดอนชมพู,t-301005,AMPHOE NON SUNG,TAMBON DON CHOMPHU,TAMBON DON CHOMPHU,False,MATCHED,EXACT_NORMALIZED_EN,
NR-RESEARCH-AREA-136,136,Non Sung / Than Prasat / ID 136,Than Prasat,Non Sung,Non Sung,Collecting,Collecting,TH-P29,30,นครราชสีมา,Nakhon Ratchasima,3010,TH-P29-D10,โนนสูง,Non Sung,non-sung,301006,TH-P29-D10-T06,ธารปราสาท,t-301006,AMPHOE NON SUNG,TAMBON THAN PRASAT,TAMBON THAN PRASAT,False,MATCHED,EXACT_NORMALIZED_EN,
NR-RESEARCH-AREA-137,137,Non Sung / Lum Khao / ID 137,Lum Khao,Non Sung,Non Sung,Collecting,Collecting,TH-P29,30,นครราชสีมา,Nakhon Ratchasima,3010,TH-P29-D10,โนนสูง,Non Sung,non-sung,301007,TH-P29-D10-T07,หลุมข้าว,t-301007,AMPHOE NON SUNG,TAMBON LUM KHAO,TAMBON LUM KHAO,False,MATCHED,EXACT_NORMALIZED_EN,
NR-RESEARCH-AREA-138,138,Non Sung / Makha / ID 138,Makha,Non Sung,Non Sung,Collecting,Collecting,TH-P29,30,นครราชสีมา,Nakhon Ratchasima,3010,TH-P29-D10,โนนสูง,Non Sung,non-sung,301008,TH-P29-D10-T08,มะค่า,t-301008,AMPHOE NON SUNG,TAMBON MAKHA,TAMBON MAKHA,False,MATCHED,EXACT_NORMALIZED_EN,
NR-RESEARCH-AREA-139,139,Non Sung / Phon Songkhram / ID 139,Phon Songkhram,Non Sung,Non Sung,Collecting,Collecting,TH-P29,30,นครราชสีมา,Nakhon Ratchasima,3010,TH-P29-D10,โนนสูง,Non Sung,non-sung,301009,TH-P29-D10-T09,พลสงคราม,t-301009,AMPHOE NON SUNG,TAMBON PHON SONGKHRAM,TAMBON PHON SONGKHRAM,False,MATCHED,EXACT_NORMALIZED_EN,
NR-RESEARCH-AREA-140,140,Non Sung / Chan-At / ID 140,Chan-At,Non Sung,Non Sung,Collecting,Collecting,TH-P29,30,นครราชสีมา,Nakhon Ratchasima,3010,TH-P29-D10,โนนสูง,Non Sung,non-sung,301010,TH-P29-D10-T10,จันอัด,t-301010,AMPHOE NON SUNG,TAMBON CHAN-AT,TAMBON CHAN-AT,False,MATCHED,EXACT_NORMALIZED_EN,
NR-RESEARCH-AREA-141,141,Non Sung / Kham Thao / ID 141,Kham Thao,Non Sung,Non Sung,RainFed,RainFed,TH-P29,30,นครราชสีมา,Nakhon Ratchasima,3010,TH-P29-D10,โนนสูง,Non Sung,non-sung,301011,TH-P29-D10-T11,ขามเฒ่า,t-301011,AMPHOE NON SUNG,TAMBON KHAM THAO,TAMBON KHAM THAO,False,MATCHED,EXACT_NORMALIZED_EN,
NR-RESEARCH-AREA-142,142,Non Sung / Dan Khla / ID 142,Dan Khla,Non Sung,Non Sung,Collecting,Collecting,TH-P29,30,นครราชสีมา,Nakhon Ratchasima,3010,TH-P29-D10,โนนสูง,Non Sung,non-sung,301012,TH-P29-D10-T12,ด่านคล้า,t-301012,AMPHOE NON SUNG,TAMBON DAN KHLA,TAMBON DAN KHLA,False,MATCHED,EXACT_NORMALIZED_EN,
NR-RESEARCH-AREA-143,143,Non Sung / Lam Kho Hong / ID 143,Lam Kho Hong,Non Sung,Non Sung,Collecting,Collecting,TH-P29,30,นครราชสีมา,Nakhon Ratchasima,3010,TH-P29-D10,โนนสูง,Non Sung,non-sung,301013,TH-P29-D10-T13,ลำคอหงษ์,t-301013,AMPHOE NON SUNG,TAMBON LAM KHO HONG,TAMBON LAM KHO HONG,False,MATCHED,EXACT_NORMALIZED_EN,
NR-RESEARCH-AREA-144,144,Non Sung / Mueang Prasat / ID 144,Mueang Prasat,Non Sung,Non Sung,Collecting,Collecting,TH-P29,30,นครราชสีมา,Nakhon Ratchasima,3010,TH-P29-D10,โนนสูง,Non Sung,non-sung,301014,TH-P29-D10-T14,เมืองปราสาท,t-301014,AMPHOE NON SUNG,TAMBON MUEANG PRASAT,TAMBON MUEANG PRASAT,False,MATCHED,EXACT_NORMALIZED_EN,
NR-RESEARCH-AREA-145,145,Non Sung / Don Wai / ID 145,Don Wai,Non Sung,Non Sung,RainFed,RainFed,TH-P29,30,นครราชสีมา,Nakhon Ratchasima,3010,TH-P29-D10,โนนสูง,Non Sung,non-sung,301015,TH-P29-D10-T15,ดอนหวาย,t-301015,AMPHOE NON SUNG,TAMBON DON WAI,TAMBON DON WAI,False,MATCHED,EXACT_NORMALIZED_EN,
NR-RESEARCH-AREA-146,146,Non Sung / Lammun / ID 146,Lammun,Non Sung,Non Sung,Collecting,Collecting,TH-P29,30,นครราชสีมา,Nakhon Ratchasima,3010,TH-P29-D10,โนนสูง,Non Sung,non-sung,301016,TH-P29-D10-T16,ลำมูล,t-301016,AMPHOE NON SUNG,TAMBON LAMMUN,TAMBON LAMMUN,False,MATCHED,EXACT_NORMALIZED_EN,
NR-RESEARCH-AREA-035,35,Kham Sakae Saeng / Kham Sakae Saeng / ID 35,Kham Sakae Saeng,Kham Sakae Saeng,Kham Sakae Saeng,Collecting,Collecting,TH-P29,30,นครราชสีมา,Nakhon Ratchasima,3011,TH-P29-D11,ขามสะแกแสง,Kham Sakaesaeng,kham-sakaesaeng,301101,TH-P29-D11-T01,ขามสะแกแสง,t-301101,AMPHOE KHAM SAKAESAENG,TAMBON KHAM SAKAE SAENG,TAMBON KHAM SAKAE SAENG,False,MATCHED,EXACT_NORMALIZED_EN,
NR-RESEARCH-AREA-036,36,Kham Sakae Saeng / Non Mueang / ID 36,Non Mueang,Kham Sakae Saeng,Kham Sakae Saeng,Collecting,Collecting,TH-P29,30,นครราชสีมา,Nakhon Ratchasima,3011,TH-P29-D11,ขามสะแกแสง,Kham Sakaesaeng,kham-sakaesaeng,301102,TH-P29-D11-T02,โนนเมือง,t-301102,AMPHOE KHAM SAKAESAENG,TAMBON NON MUEANG,TAMBON NON MUEANG,False,MATCHED,EXACT_NORMALIZED_EN,
NR-RESEARCH-AREA-037,37,Kham Sakae Saeng / Mueang Nat / ID 37,Mueang Nat,Kham Sakae Saeng,Kham Sakae Saeng,RainFed,RainFed,TH-P29,30,นครราชสีมา,Nakhon Ratchasima,3011,TH-P29-D11,ขามสะแกแสง,Kham Sakaesaeng,kham-sakaesaeng,301103,TH-P29-D11-T03,เมืองนาท,t-301103,AMPHOE KHAM SAKAESAENG,TAMBON MUEANG NAT,TAMBON MUEANG NAT,False,MATCHED,EXACT_NORMALIZED_EN,
NR-RESEARCH-AREA-038,38,Kham Sakae Saeng / Chiwuek / ID 38,Chiwuek,Kham Sakae Saeng,Kham Sakae Saeng,RainFed,RainFed,TH-P29,30,นครราชสีมา,Nakhon Ratchasima,3011,TH-P29-D11,ขามสะแกแสง,Kham Sakaesaeng,kham-sakaesaeng,301104,TH-P29-D11-T04,ชีวึก,t-301104,AMPHOE KHAM SAKAESAENG,TAMBON CHIWUEK,TAMBON CHIWUEK,False,MATCHED,EXACT_NORMALIZED_EN,
NR-RESEARCH-AREA-039,39,Kham Sakae Saeng / Phangat / ID 39,Phangat,Kham Sakae Saeng,Kham Sakae Saeng,Collecting,Collecting,TH-P29,30,นครราชสีมา,Nakhon Ratchasima,3011,TH-P29-D11,ขามสะแกแสง,Kham Sakaesaeng,kham-sakaesaeng,301105,TH-P29-D11-T05,พะงาด,t-301105,AMPHOE KHAM SAKAESAENG,TAMBON PHANGAT,TAMBON PHANGAT,False,MATCHED,EXACT_NORMALIZED_EN,
NR-RESEARCH-AREA-040,40,Kham Sakae Saeng / Nong Hua Fan / ID 40,Nong Hua Fan,Kham Sakae Saeng,Kham Sakae Saeng,RainFed,RainFed,TH-P29,30,นครราชสีมา,Nakhon Ratchasima,3011,TH-P29-D11,ขามสะแกแสง,Kham Sakaesaeng,kham-sakaesaeng,301106,TH-P29-D11-T06,หนองหัวฟาน,t-301106,AMPHOE KHAM SAKAESAENG,TAMBON NONG HUA FAN,TAMBON NONG HUA FAN,False,MATCHED,EXACT_NORMALIZED_EN,
NR-RESEARCH-AREA-041,41,Kham Sakae Saeng / Mueang Kaset / ID 41,Mueang Kaset,Kham Sakae Saeng,Kham Sakae Saeng,Collecting,Collecting,TH-P29,30,นครราชสีมา,Nakhon Ratchasima,3011,TH-P29-D11,ขามสะแกแสง,Kham Sakaesaeng,kham-sakaesaeng,301107,TH-P29-D11-T07,เมืองเกษตร,t-301107,AMPHOE KHAM SAKAESAENG,TAMBON MUEANG KASET,TAMBON MUEANG KASET,False,MATCHED,EXACT_NORMALIZED_EN,
NR-RESEARCH-AREA-151,151,Bua Yai / Bua Yai / ID 151,Bua Yai,Bua Yai,Bua Yai,Collecting,Collecting,TH-P29,30,นครราชสีมา,Nakhon Ratchasima,3012,TH-P29-D12,บัวใหญ่,Bua Yai,bua-yai,301201,TH-P29-D12-T01,บัวใหญ่,t-301201,AMPHOE BUA YAI,TAMBON BUA YAI,TAMBON BUA YAI,False,MATCHED,EXACT_NORMALIZED_EN,
NR-RESEARCH-AREA-152,152,Bua Yai / Huai Yang / ID 152,Huai Yang,Bua Yai,Bua Yai,Irragation,Irrigation,TH-P29,30,นครราชสีมา,Nakhon Ratchasima,3012,TH-P29-D12,บัวใหญ่,Bua Yai,bua-yai,301203,TH-P29-D12-T03,ห้วยยาง,t-301203,AMPHOE BUA YAI,TAMBON HUAI YANG,TAMBON HUAI YANG,False,MATCHED,EXACT_NORMALIZED_EN;IRRIGATION_STATUS_NORMALIZED,IRRIGATION_STATUS_NORMALIZED
NR-RESEARCH-AREA-153,153,Bua Yai / Sema Yai / ID 153,Sema Yai,Bua Yai,Bua Yai,Irragation,Irrigation,TH-P29,30,นครราชสีมา,Nakhon Ratchasima,3012,TH-P29-D12,บัวใหญ่,Bua Yai,bua-yai,301204,TH-P29-D12-T04,เสมาใหญ่,t-301204,AMPHOE BUA YAI,TAMBON SEMA YAI,TAMBON SEMA YAI,False,MATCHED,EXACT_NORMALIZED_EN;IRRIGATION_STATUS_NORMALIZED,IRRIGATION_STATUS_NORMALIZED
NR-RESEARCH-AREA-154,154,Bua Yai / Don Tanin / ID 154,Don Tanin,Bua Yai,Bua Yai,Collecting,Collecting,TH-P29,30,นครราชสีมา,Nakhon Ratchasima,3012,TH-P29-D12,บัวใหญ่,Bua Yai,bua-yai,301206,TH-P29-D12-T06,ดอนตะหนิน,t-301206,AMPHOE BUA YAI,TAMBON DON TANIN,TAMBON DON TANIN,False,MATCHED,EXACT_NORMALIZED_EN,
NR-RESEARCH-AREA-155,155,Bua Yai / Nong Bua Sa-At / ID 155,Nong Bua Sa-At,Bua Yai,Bua Yai,Irragation,Irrigation,TH-P29,30,นครราชสีมา,Nakhon Ratchasima,3012,TH-P29-D12,บัวใหญ่,Bua Yai,bua-yai,301207,TH-P29-D12-T07,หนองบัวสะอาด,t-301207,AMPHOE BUA YAI,TAMBON NONG BUA SA-AT,TAMBON NONG BUA SA-AT,False,MATCHED,EXACT_NORMALIZED_EN;IRRIGATION_STATUS_NORMALIZED,IRRIGATION_STATUS_NORMALIZED
NR-RESEARCH-AREA-156,156,Bua Yai / Non Thong Lang / ID 156,Non Thong Lang,Bua Yai,Bua Yai,Collecting,Collecting,TH-P29,30,นครราชสีมา,Nakhon Ratchasima,3012,TH-P29-D12,บัวใหญ่,Bua Yai,bua-yai,301208,TH-P29-D12-T08,โนนทองหลาง,t-301208,AMPHOE BUA YAI,TAMBON NON THONG LANG,TAMBON NON THONG LANG,False,MATCHED,EXACT_NORMALIZED_EN,
NR-RESEARCH-AREA-157,157,Bua Yai / Kut Chok / ID 157,Kut Chok,Bua Yai,Bua Yai,Collecting,Collecting,TH-P29,30,นครราชสีมา,Nakhon Ratchasima,3012,TH-P29-D12,บัวใหญ่,Bua Yai,bua-yai,301214,TH-P29-D12-T14,กุดจอก,t-301214,AMPHOE BUA YAI,TAMBON KUT CHOK,TAMBON KUT CHOK,False,MATCHED,EXACT_NORMALIZED_EN,
NR-RESEARCH-AREA-158,158,Bua Yai / Dan Chang / ID 158,Dan Chang,Bua Yai,Bua Yai,RainFed,RainFed,TH-P29,30,นครราชสีมา,Nakhon Ratchasima,3012,TH-P29-D12,บัวใหญ่,Bua Yai,bua-yai,301215,TH-P29-D12-T15,ด่านช้าง,t-301215,AMPHOE BUA YAI,TAMBON DAN CHANG,TAMBON DAN CHANG,False,MATCHED,EXACT_NORMALIZED_EN,
NR-RESEARCH-AREA-159,159,Bua Yai / Khun Thong / ID 159,Khun Thong,Bua Yai,Bua Yai,RainFed,RainFed,TH-P29,30,นครราชสีมา,Nakhon Ratchasima,3012,TH-P29-D12,บัวใหญ่,Bua Yai,bua-yai,301220,TH-P29-D12-T20,ขุนทอง,t-301220,AMPHOE BUA YAI,TAMBON KHUN THONG,TAMBON KHUN THONG,False,MATCHED,EXACT_NORMALIZED_EN,
NR-RESEARCH-AREA-160,160,Bua Yai / Nong Chaeng Yai / ID 160,Nong Chaeng Yai,Bua Yai,Bua Yai,Collecting,Collecting,TH-P29,30,นครราชสีมา,Nakhon Ratchasima,3012,TH-P29-D12,บัวใหญ่,Bua Yai,bua-yai,301224,TH-P29-D12-T24,หนองแจ้งใหญ่,t-301224,AMPHOE BUA YAI,TAMBON NONG CHAENG YAI,TAMBON NONG CHAENG YAI,False,MATCHED,EXACT_NORMALIZED_EN,
NR-RESEARCH-AREA-165,165,Prathai / Prathai / ID 165,Prathai,Prathai,Prathai,RainFed,RainFed,TH-P29,30,นครราชสีมา,Nakhon Ratchasima,3013,TH-P29-D13,ประทาย,Prathai,prathai,301301,TH-P29-D13-T01,ประทาย,t-301301,AMPHOE PRATHAI,TAMBON PRATHAI,TAMBON PRATHAI,False,MATCHED,EXACT_NORMALIZED_EN,
NR-RESEARCH-AREA-170,170,Prathai / Krathum Rai / ID 170,Krathum Rai,Prathai,Prathai,Collecting,Collecting,TH-P29,30,นครราชสีมา,Nakhon Ratchasima,3013,TH-P29-D13,ประทาย,Prathai,prathai,301303,TH-P29-D13-T03,กระทุ่มราย,t-301303,AMPHOE PRATHAI,TAMBON KRATHUM RAI,TAMBON KRATHUM RAI,False,MATCHED,EXACT_NORMALIZED_EN,
NR-RESEARCH-AREA-168,168,Prathai / Wang Mai Daeng / ID 168,Wang Mai Daeng,Prathai,Prathai,RainFed,RainFed,TH-P29,30,นครราชสีมา,Nakhon Ratchasima,3013,TH-P29-D13,ประทาย,Prathai,prathai,301304,TH-P29-D13-T04,วังไม้แดง,t-301304,AMPHOE PRATHAI,TAMBON WANG MAI DAENG,TAMBON WANG MAI DAENG,False,MATCHED,EXACT_NORMALIZED_EN,
NR-RESEARCH-AREA-173,173,Prathai / Talat Sai / ID 173,Talat Sai,Prathai,Prathai,Irragation,Irrigation,TH-P29,30,นครราชสีมา,Nakhon Ratchasima,3013,TH-P29-D13,ประทาย,Prathai,prathai,301306,TH-P29-D13-T06,ตลาดไทร,t-301306,AMPHOE PRATHAI,TAMBON TALAT SAI,TAMBON TALAT SAI,False,MATCHED,EXACT_NORMALIZED_EN;IRRIGATION_STATUS_NORMALIZED,IRRIGATION_STATUS_NORMALIZED
NR-RESEARCH-AREA-166,166,Prathai / Nong Phluang / ID 166,Nong Phluang,Prathai,Prathai,RainFed,RainFed,TH-P29,30,นครราชสีมา,Nakhon Ratchasima,3013,TH-P29-D13,ประทาย,Prathai,prathai,301307,TH-P29-D13-T07,หนองพลวง,t-301307,AMPHOE PRATHAI,TAMBON NONG PHLUANG,TAMBON NONG PHLUANG,False,MATCHED,EXACT_NORMALIZED_EN,
NR-RESEARCH-AREA-172,172,Prathai / Nong Khai / ID 172,Nong Khai,Prathai,Prathai,Collecting,Collecting,TH-P29,30,นครราชสีมา,Nakhon Ratchasima,3013,TH-P29-D13,ประทาย,Prathai,prathai,301308,TH-P29-D13-T08,หนองค่าย,t-301308,AMPHOE PRATHAI,TAMBON NONG KHAI,TAMBON NONG KHAI,False,MATCHED,EXACT_NORMALIZED_EN,
NR-RESEARCH-AREA-167,167,Prathai / Han Huai Sai / ID 167,Han Huai Sai,Prathai,Prathai,Collecting,Collecting,TH-P29,30,นครราชสีมา,Nakhon Ratchasima,3013,TH-P29-D13,ประทาย,Prathai,prathai,301309,TH-P29-D13-T09,หันห้วยทราย,t-301309,AMPHOE PRATHAI,TAMBON HAN HUAI SAI,TAMBON HAN HUAI SAI,False,MATCHED,EXACT_NORMALIZED_EN,
NR-RESEARCH-AREA-174,174,Prathai / Don Man / ID 174,Don Man,Prathai,Prathai,Collecting,Collecting,TH-P29,30,นครราชสีมา,Nakhon Ratchasima,3013,TH-P29-D13,ประทาย,Prathai,prathai,301310,TH-P29-D13-T10,ดอนมัน,t-301310,AMPHOE PRATHAI,TAMBON DON MAN,TAMBON DON MAN,False,MATCHED,EXACT_NORMALIZED_EN,
NR-RESEARCH-AREA-171,171,Prathai / Nang Ram / ID 171,Nang Ram,Prathai,Prathai,Collecting,Collecting,TH-P29,30,นครราชสีมา,Nakhon Ratchasima,3013,TH-P29-D13,ประทาย,Prathai,prathai,301313,TH-P29-D13-T13,นางรำ,t-301313,AMPHOE PRATHAI,TAMBON NANG RAM,TAMBON NANG RAM,False,MATCHED,EXACT_NORMALIZED_EN,
NR-RESEARCH-AREA-169,169,Prathai / Non Phet / ID 169,Non Phet,Prathai,Prathai,Collecting,Collecting,TH-P29,30,นครราชสีมา,Nakhon Ratchasima,3013,TH-P29-D13,ประทาย,Prathai,prathai,301314,TH-P29-D13-T14,โนนเพ็ด,t-301314,AMPHOE PRATHAI,TAMBON NON PHET,TAMBON NON PHET,False,MATCHED,EXACT_NORMALIZED_EN,
NR-RESEARCH-AREA-175,175,Prathai / Thung Sawang / ID 175,Thung Sawang,Prathai,Prathai,RainFed,RainFed,TH-P29,30,นครราชสีมา,Nakhon Ratchasima,3013,TH-P29-D13,ประทาย,Prathai,prathai,301315,TH-P29-D13-T15,ทุ่งสว่าง,t-301315,AMPHOE PRATHAI,TAMBON THUNG SAWANG,TAMBON THUNG SAWANG,False,MATCHED,EXACT_NORMALIZED_EN,
NR-RESEARCH-AREA-176,176,Prathai / Khok Klang / ID 176,Khok Klang,Prathai,Prathai,Collecting,Collecting,TH-P29,30,นครราชสีมา,Nakhon Ratchasima,3013,TH-P29-D13,ประทาย,Prathai,prathai,301317,TH-P29-D13-T17,โคกกลาง,t-301317,AMPHOE PRATHAI,TAMBON KHOK KLANG,TAMBON KHOK KLANG,False,MATCHED,EXACT_NORMALIZED_EN,
NR-RESEARCH-AREA-177,177,Prathai / Mueang Don / ID 177,Mueang Don,Prathai,Prathai,RainFed,RainFed,TH-P29,30,นครราชสีมา,Nakhon Ratchasima,3013,TH-P29-D13,ประทาย,Prathai,prathai,301318,TH-P29-D13-T18,เมืองโดน,t-301318,AMPHOE PRATHAI,TAMBON MUEANG DON,TAMBON MUEANG DON,False,MATCHED,EXACT_NORMALIZED_EN,
NR-RESEARCH-AREA-178,178,Pak Thong Chai / Mueang Pak / ID 178,Mueang Pak,Pak Thong Chai,Pak Thong Chai,Collecting,Collecting,TH-P29,30,นครราชสีมา,Nakhon Ratchasima,3014,TH-P29-D14,ปักธงชัย,Pak Thong Chai,pak-thong-chai,301401,TH-P29-D14-T01,เมืองปัก,t-301401,AMPHOE PAK THONG CHAI,TAMBON MUEANG PAK,TAMBON MUEANG PAK,False,MATCHED,EXACT_NORMALIZED_EN,
NR-RESEARCH-AREA-179,179,Pak Thong Chai / Takhu / ID 179,Takhu,Pak Thong Chai,Pak Thong Chai,RainFed,RainFed,TH-P29,30,นครราชสีมา,Nakhon Ratchasima,3014,TH-P29-D14,ปักธงชัย,Pak Thong Chai,pak-thong-chai,301402,TH-P29-D14-T02,ตะคุ,t-301402,AMPHOE PAK THONG CHAI,TAMBON TAKHU,TAMBON TAKHU,False,MATCHED,EXACT_NORMALIZED_EN,
NR-RESEARCH-AREA-180,180,Pak Thong Chai / Khok Thai / ID 180,Khok Thai,Pak Thong Chai,Pak Thong Chai,RainFed,RainFed,TH-P29,30,นครราชสีมา,Nakhon Ratchasima,3014,TH-P29-D14,ปักธงชัย,Pak Thong Chai,pak-thong-chai,301403,TH-P29-D14-T03,โคกไทย,t-301403,AMPHOE PAK THONG CHAI,TAMBON KHOK THAI,TAMBON KHOK THAI,False,MATCHED,EXACT_NORMALIZED_EN,
NR-RESEARCH-AREA-181,181,Pak Thong Chai / Samrong / ID 181,Samrong,Pak Thong Chai,Pak Thong Chai,Collecting,Collecting,TH-P29,30,นครราชสีมา,Nakhon Ratchasima,3014,TH-P29-D14,ปักธงชัย,Pak Thong Chai,pak-thong-chai,301404,TH-P29-D14-T04,สำโรง,t-301404,AMPHOE PAK THONG CHAI,TAMBON SAMRONG,TAMBON SAMRONG,False,MATCHED,EXACT_NORMALIZED_EN,
NR-RESEARCH-AREA-182,182,Pak Thong Chai / Takhop / ID 182,Takhop,Pak Thong Chai,Pak Thong Chai,Collecting,Collecting,TH-P29,30,นครราชสีมา,Nakhon Ratchasima,3014,TH-P29-D14,ปักธงชัย,Pak Thong Chai,pak-thong-chai,301405,TH-P29-D14-T05,ตะขบ,t-301405,AMPHOE PAK THONG CHAI,TAMBON TAKHOP,TAMBON TAKHOP,False,MATCHED,EXACT_NORMALIZED_EN,
NR-RESEARCH-AREA-183,183,Pak Thong Chai / Nok Ok / ID 183,Nok Ok,Pak Thong Chai,Pak Thong Chai,Collecting,Collecting,TH-P29,30,นครราชสีมา,Nakhon Ratchasima,3014,TH-P29-D14,ปักธงชัย,Pak Thong Chai,pak-thong-chai,301406,TH-P29-D14-T06,นกออก,t-301406,AMPHOE PAK THONG CHAI,TAMBON NOK OK,TAMBON NOK OK,False,MATCHED,EXACT_NORMALIZED_EN,
NR-RESEARCH-AREA-184,184,Pak Thong Chai / Don / ID 184,Don,Pak Thong Chai,Pak Thong Chai,Collecting,Collecting,TH-P29,30,นครราชสีมา,Nakhon Ratchasima,3014,TH-P29-D14,ปักธงชัย,Pak Thong Chai,pak-thong-chai,301407,TH-P29-D14-T07,ดอน,t-301407,AMPHOE PAK THONG CHAI,TAMBON DON,TAMBON DON,False,MATCHED,EXACT_NORMALIZED_EN,
NR-RESEARCH-AREA-185,185,Pak Thong Chai / Tum / ID 185,Tum,Pak Thong Chai,Pak Thong Chai,RainFed,RainFed,TH-P29,30,นครราชสีมา,Nakhon Ratchasima,3014,TH-P29-D14,ปักธงชัย,Pak Thong Chai,pak-thong-chai,301409,TH-P29-D14-T09,ตูม,t-301409,AMPHOE PAK THONG CHAI,TAMBON TUM,TAMBON TUM,False,MATCHED,EXACT_NORMALIZED_EN,
NR-RESEARCH-AREA-186,186,Pak Thong Chai / Ngio / ID 186,Ngio,Pak Thong Chai,Pak Thong Chai,RainFed,RainFed,TH-P29,30,นครราชสีมา,Nakhon Ratchasima,3014,TH-P29-D14,ปักธงชัย,Pak Thong Chai,pak-thong-chai,301410,TH-P29-D14-T10,งิ้ว,t-301410,AMPHOE PAK THONG CHAI,TAMBON NGIO,TAMBON NGIO,False,MATCHED,EXACT_NORMALIZED_EN,
NR-RESEARCH-AREA-187,187,Pak Thong Chai / Sakae Rat / ID 187,Sakae Rat,Pak Thong Chai,Pak Thong Chai,RainFed,RainFed,TH-P29,30,นครราชสีมา,Nakhon Ratchasima,3014,TH-P29-D14,ปักธงชัย,Pak Thong Chai,pak-thong-chai,301411,TH-P29-D14-T11,สะแกราช,t-301411,AMPHOE PAK THONG CHAI,TAMBON SAKAE RAT,TAMBON SAKAE RAT,False,MATCHED,EXACT_NORMALIZED_EN,
NR-RESEARCH-AREA-188,188,Pak Thong Chai / Lam Nang Kaeo / ID 188,Lam Nang Kaeo,Pak Thong Chai,Pak Thong Chai,RainFed,RainFed,TH-P29,30,นครราชสีมา,Nakhon Ratchasima,3014,TH-P29-D14,ปักธงชัย,Pak Thong Chai,pak-thong-chai,301412,TH-P29-D14-T12,ลำนางแก้ว,t-301412,AMPHOE PAK THONG CHAI,TAMBON LAM NANG KAEO,TAMBON LAM NANG KAEO,False,MATCHED,EXACT_NORMALIZED_EN,
NR-RESEARCH-AREA-189,189,Pak Thong Chai / Phu Luang / ID 189,Phu Luang,Pak Thong Chai,Pak Thong Chai,Collecting,Collecting,TH-P29,30,นครราชสีมา,Nakhon Ratchasima,3014,TH-P29-D14,ปักธงชัย,Pak Thong Chai,pak-thong-chai,301416,TH-P29-D14-T16,ภูหลวง,t-301416,AMPHOE PAK THONG CHAI,TAMBON PHU LUANG,TAMBON PHU LUANG,False,MATCHED,EXACT_NORMALIZED_EN,
NR-RESEARCH-AREA-190,190,Pak Thong Chai / Thong Chai Nuea / ID 190,Thong Chai Nuea,Pak Thong Chai,Pak Thong Chai,Collecting,Collecting,TH-P29,30,นครราชสีมา,Nakhon Ratchasima,3014,TH-P29-D14,ปักธงชัย,Pak Thong Chai,pak-thong-chai,301417,TH-P29-D14-T17,ธงชัยเหนือ,t-301417,AMPHOE PAK THONG CHAI,TAMBON THONG CHAI NUEA,TAMBON THONG CHAI NUEA,False,MATCHED,EXACT_NORMALIZED_EN,
NR-RESEARCH-AREA-191,191,Pak Thong Chai / Suk Kasem / ID 191,Suk Kasem,Pak Thong Chai,Pak Thong Chai,Collecting,Collecting,TH-P29,30,นครราชสีมา,Nakhon Ratchasima,3014,TH-P29-D14,ปักธงชัย,Pak Thong Chai,pak-thong-chai,301418,TH-P29-D14-T18,สุขเกษม,t-301418,AMPHOE PAK THONG CHAI,TAMBON SUK KASEM,TAMBON SUK KASEM,False,MATCHED,EXACT_NORMALIZED_EN,
NR-RESEARCH-AREA-192,192,Pak Thong Chai / Kasem Sap / ID 192,Kasem Sap,Pak Thong Chai,Pak Thong Chai,Collecting,Collecting,TH-P29,30,นครราชสีมา,Nakhon Ratchasima,3014,TH-P29-D14,ปักธงชัย,Pak Thong Chai,pak-thong-chai,301419,TH-P29-D14-T19,เกษมทรัพย์,t-301419,AMPHOE PAK THONG CHAI,TAMBON KASEM SAP,TAMBON KASEM SAP,False,MATCHED,EXACT_NORMALIZED_EN,
NR-RESEARCH-AREA-193,193,Pak Thong Chai / Bo Pla Thong / ID 193,Bo Pla Thong,Pak Thong Chai,Pak Thong Chai,Collecting,Collecting,TH-P29,30,นครราชสีมา,Nakhon Ratchasima,3014,TH-P29-D14,ปักธงชัย,Pak Thong Chai,pak-thong-chai,301420,TH-P29-D14-T20,บ่อปลาทอง,t-301420,AMPHOE PAK THONG CHAI,TAMBON BO PLA THONG,TAMBON BO PLA THONG,False,MATCHED,EXACT_NORMALIZED_EN,
NR-RESEARCH-AREA-211,211,Phimai / Nai Mueang / ID 211,Nai Mueang,Phimai,Phimai,Collecting,Collecting,TH-P29,30,นครราชสีมา,Nakhon Ratchasima,3015,TH-P29-D15,พิมาย,Phimai,phimai,301501,TH-P29-D15-T01,ในเมือง,t-301501,AMPHOE PHIMAI,TAMBON NAI MUEANG,TAMBON NAI MUEANG,False,MATCHED,EXACT_NORMALIZED_EN,
NR-RESEARCH-AREA-212,212,Phimai / Samrit / ID 212,Samrit,Phimai,Phimai,Collecting,Collecting,TH-P29,30,นครราชสีมา,Nakhon Ratchasima,3015,TH-P29-D15,พิมาย,Phimai,phimai,301502,TH-P29-D15-T02,สัมฤทธิ์,t-301502,AMPHOE PHIMAI,TAMBON SAMRIT,TAMBON SAMRIT,False,MATCHED,EXACT_NORMALIZED_EN,
NR-RESEARCH-AREA-213,213,Phimai / Bot / ID 213,Bot,Phimai,Phimai,Collecting,Collecting,TH-P29,30,นครราชสีมา,Nakhon Ratchasima,3015,TH-P29-D15,พิมาย,Phimai,phimai,301503,TH-P29-D15-T03,โบสถ์,t-301503,AMPHOE PHIMAI,TAMBON BOT,TAMBON BOT,False,MATCHED,EXACT_NORMALIZED_EN,
NR-RESEARCH-AREA-214,214,Phimai / Krabueang Yai / ID 214,Krabueang Yai,Phimai,Phimai,Collecting,Collecting,TH-P29,30,นครราชสีมา,Nakhon Ratchasima,3015,TH-P29-D15,พิมาย,Phimai,phimai,301504,TH-P29-D15-T04,กระเบื้องใหญ่,t-301504,AMPHOE PHIMAI,TAMBON KRABUEANG YAI,TAMBON KRABUEANG YAI,False,MATCHED,EXACT_NORMALIZED_EN,
NR-RESEARCH-AREA-215,215,Phimai / Tha Luang / ID 215,Tha Luang,Phimai,Phimai,Collecting,Collecting,TH-P29,30,นครราชสีมา,Nakhon Ratchasima,3015,TH-P29-D15,พิมาย,Phimai,phimai,301505,TH-P29-D15-T05,ท่าหลวง,t-301505,AMPHOE PHIMAI,TAMBON THA LUANG,TAMBON THA LUANG,False,MATCHED,EXACT_NORMALIZED_EN,
NR-RESEARCH-AREA-216,216,Phimai / Rang Ka Yai / ID 216,Rang Ka Yai,Phimai,Phimai,Collecting,Collecting,TH-P29,30,นครราชสีมา,Nakhon Ratchasima,3015,TH-P29-D15,พิมาย,Phimai,phimai,301506,TH-P29-D15-T06,รังกาใหญ่,t-301506,AMPHOE PHIMAI,TAMBON RANG KA YAI,TAMBON RANG KA YAI,False,MATCHED,EXACT_NORMALIZED_EN,
NR-RESEARCH-AREA-217,217,Phimai / Chiwan / ID 217,Chiwan,Phimai,Phimai,Collecting,Collecting,TH-P29,30,นครราชสีมา,Nakhon Ratchasima,3015,TH-P29-D15,พิมาย,Phimai,phimai,301507,TH-P29-D15-T07,ชีวาน,t-301507,AMPHOE PHIMAI,TAMBON CHIWAN,TAMBON CHIWAN,False,MATCHED,EXACT_NORMALIZED_EN,
NR-RESEARCH-AREA-218,218,Phimai / Nikhom Sang Ton-Eng / ID 218,Nikhom Sang Ton-Eng,Phimai,Phimai,Irragation,Irrigation,TH-P29,30,นครราชสีมา,Nakhon Ratchasima,3015,TH-P29-D15,พิมาย,Phimai,phimai,301508,TH-P29-D15-T08,นิคมสร้างตนเอง,t-301508,AMPHOE PHIMAI,TAMBON NIKHOM SANG TON-ENG,TAMBON NIKHOM SANG TON-ENG,False,MATCHED,EXACT_NORMALIZED_EN;IRRIGATION_STATUS_NORMALIZED,IRRIGATION_STATUS_NORMALIZED
NR-RESEARCH-AREA-219,219,Phimai / Krachon / ID 219,Krachon,Phimai,Phimai,Irragation,Irrigation,TH-P29,30,นครราชสีมา,Nakhon Ratchasima,3015,TH-P29-D15,พิมาย,Phimai,phimai,301509,TH-P29-D15-T09,กระชอน,t-301509,AMPHOE PHIMAI,TAMBON KRACHON,TAMBON KRACHON,False,MATCHED,EXACT_NORMALIZED_EN;IRRIGATION_STATUS_NORMALIZED,IRRIGATION_STATUS_NORMALIZED
NR-RESEARCH-AREA-220,220,Phimai / Dong Yai / ID 220,Dong Yai,Phimai,Phimai,Collecting,Collecting,TH-P29,30,นครราชสีมา,Nakhon Ratchasima,3015,TH-P29-D15,พิมาย,Phimai,phimai,301510,TH-P29-D15-T10,ดงใหญ่,t-301510,AMPHOE PHIMAI,TAMBON DONG YAI,TAMBON DONG YAI,False,MATCHED,EXACT_NORMALIZED_EN,
NR-RESEARCH-AREA-221,221,Phimai / Than Lalot / ID 221,Than Lalot,Phimai,Phimai,Collecting,Collecting,TH-P29,30,นครราชสีมา,Nakhon Ratchasima,3015,TH-P29-D15,พิมาย,Phimai,phimai,301511,TH-P29-D15-T11,ธารละหลอด,t-301511,AMPHOE PHIMAI,TAMBON THAN LALOT,TAMBON THAN LALOT,False,MATCHED,EXACT_NORMALIZED_EN,
NR-RESEARCH-AREA-222,222,Mueang Nakhon Ratchasima / Nong Rawiang / ID 222,Nong Rawiang,Mueang Nakhon Ratchasima,Phimai,Collecting,Collecting,TH-P29,30,นครราชสีมา,Nakhon Ratchasima,3015,TH-P29-D15,พิมาย,Phimai,phimai,301512,TH-P29-D15-T12,หนองระเวียง,t-301512,AMPHOE PHIMAI,TAMBON NONG RAWIANG,TAMBON NONG RAWIANG,False,MATCHED,SOURCE_ADMIN_CORRECTION;ALIAS_NORMALIZED_EN,SOURCE_AMPHOE_CORRECTED
NR-RESEARCH-AREA-279,279,Huai Thalaeng / Huai Thalaeng / ID 279,Huai Thalaeng,Huai Thalaeng,Huai Thalaeng,RainFed,RainFed,TH-P29,30,นครราชสีมา,Nakhon Ratchasima,3016,TH-P29-D16,ห้วยแถลง,Huai Thalaeng,huai-thalaeng,301601,TH-P29-D16-T01,ห้วยแถลง,t-301601,AMPHOE HUAI THALAENG,TAMBON HUAI THALAENG,TAMBON HUAI THALAENG,False,MATCHED,EXACT_NORMALIZED_EN,
NR-RESEARCH-AREA-280,280,Huai Thalaeng / Thap Sawai / ID 280,Thap Sawai,Huai Thalaeng,Huai Thalaeng,RainFed,RainFed,TH-P29,30,นครราชสีมา,Nakhon Ratchasima,3016,TH-P29-D16,ห้วยแถลง,Huai Thalaeng,huai-thalaeng,301602,TH-P29-D16-T02,ทับสวาย,t-301602,AMPHOE HUAI THALAENG,TAMBON THAP SAWAI,TAMBON THAP SAWAI,False,MATCHED,EXACT_NORMALIZED_EN,
NR-RESEARCH-AREA-281,281,Huai Thalaeng / Mueang Phlapphla / ID 281,Mueang Phlapphla,Huai Thalaeng,Huai Thalaeng,RainFed,RainFed,TH-P29,30,นครราชสีมา,Nakhon Ratchasima,3016,TH-P29-D16,ห้วยแถลง,Huai Thalaeng,huai-thalaeng,301603,TH-P29-D16-T03,เมืองพลับพลา,t-301603,AMPHOE HUAI THALAENG,TAMBON MUEANG PHLAPPHLA,TAMBON MUEANG PHLAPPHLA,False,MATCHED,EXACT_NORMALIZED_EN,
NR-RESEARCH-AREA-282,282,Huai Thalaeng / Lung Takhian / ID 282,Lung Takhian,Huai Thalaeng,Huai Thalaeng,RainFed,RainFed,TH-P29,30,นครราชสีมา,Nakhon Ratchasima,3016,TH-P29-D16,ห้วยแถลง,Huai Thalaeng,huai-thalaeng,301604,TH-P29-D16-T04,หลุ่งตะเคียน,t-301604,AMPHOE HUAI THALAENG,TAMBON LUNG TAKHIAN,TAMBON LUNG TAKHIAN,False,MATCHED,EXACT_NORMALIZED_EN,
NR-RESEARCH-AREA-283,283,Huai Thalaeng / Hin Dat / ID 283,Hin Dat,Huai Thalaeng,Huai Thalaeng,Collecting,Collecting,TH-P29,30,นครราชสีมา,Nakhon Ratchasima,3016,TH-P29-D16,ห้วยแถลง,Huai Thalaeng,huai-thalaeng,301605,TH-P29-D16-T05,หินดาด,t-301605,AMPHOE HUAI THALAENG,TAMBON HIN DAT,TAMBON HIN DAT,False,MATCHED,EXACT_NORMALIZED_EN,
NR-RESEARCH-AREA-284,284,Huai Thalaeng / Ngio / ID 284,Ngio,Huai Thalaeng,Huai Thalaeng,Irragation,Irrigation,TH-P29,30,นครราชสีมา,Nakhon Ratchasima,3016,TH-P29-D16,ห้วยแถลง,Huai Thalaeng,huai-thalaeng,301606,TH-P29-D16-T06,งิ้ว,t-301606,AMPHOE HUAI THALAENG,TAMBON NGIO,TAMBON NGIO,False,MATCHED,EXACT_NORMALIZED_EN;IRRIGATION_STATUS_NORMALIZED,IRRIGATION_STATUS_NORMALIZED
NR-RESEARCH-AREA-285,285,Huai Thalaeng / Kong Rot / ID 285,Kong Rot,Huai Thalaeng,Huai Thalaeng,Irragation,Irrigation,TH-P29,30,นครราชสีมา,Nakhon Ratchasima,3016,TH-P29-D16,ห้วยแถลง,Huai Thalaeng,huai-thalaeng,301607,TH-P29-D16-T07,กงรถ,t-301607,AMPHOE HUAI THALAENG,TAMBON KONG ROT,TAMBON KONG ROT,False,MATCHED,EXACT_NORMALIZED_EN;IRRIGATION_STATUS_NORMALIZED,IRRIGATION_STATUS_NORMALIZED
NR-RESEARCH-AREA-286,286,Huai Thalaeng / Lung Pradu / ID 286,Lung Pradu,Huai Thalaeng,Huai Thalaeng,Irragation,Irrigation,TH-P29,30,นครราชสีมา,Nakhon Ratchasima,3016,TH-P29-D16,ห้วยแถลง,Huai Thalaeng,huai-thalaeng,301608,TH-P29-D16-T08,หลุ่งประดู่,t-301608,AMPHOE HUAI THALAENG,TAMBON LUNG PRADU,TAMBON LUNG PRADU,False,MATCHED,EXACT_NORMALIZED_EN;IRRIGATION_STATUS_NORMALIZED,IRRIGATION_STATUS_NORMALIZED
NR-RESEARCH-AREA-287,287,Huai Thalaeng / Tako / ID 287,Tako,Huai Thalaeng,Huai Thalaeng,Collecting,Collecting,TH-P29,30,นครราชสีมา,Nakhon Ratchasima,3016,TH-P29-D16,ห้วยแถลง,Huai Thalaeng,huai-thalaeng,301609,TH-P29-D16-T09,ตะโก,t-301609,AMPHOE HUAI THALAENG,TAMBON TAKO,TAMBON TAKO,False,MATCHED,EXACT_NORMALIZED_EN,
NR-RESEARCH-AREA-288,288,Huai Thalaeng / Huai Khaen / ID 288,Huai Khaen,Huai Thalaeng,Huai Thalaeng,Collecting,Collecting,TH-P29,30,นครราชสีมา,Nakhon Ratchasima,3016,TH-P29-D16,ห้วยแถลง,Huai Thalaeng,huai-thalaeng,301610,TH-P29-D16-T10,ห้วยแคน,t-301610,AMPHOE HUAI THALAENG,TAMBON HUAI KHAEN,TAMBON HUAI KHAEN,False,MATCHED,EXACT_NORMALIZED_EN,
NR-RESEARCH-AREA-077,77,Chum Phuang / Chum Phuang / ID 77,Chum Phuang,Chum Phuang,Chum Phuang,RainFed,RainFed,TH-P29,30,นครราชสีมา,Nakhon Ratchasima,3017,TH-P29-D17,ชุมพวง,Chum Phuang,chum-phuang,301701,TH-P29-D17-T01,ชุมพวง,t-301701,AMPHOE CHUM PHUANG,TAMBON CHUM PHUANG,TAMBON CHUM PHUANG,False,MATCHED,EXACT_NORMALIZED_EN,
NR-RESEARCH-AREA-078,78,Chum Phuang / Prasuk / ID 78,Prasuk,Chum Phuang,Chum Phuang,RainFed,RainFed,TH-P29,30,นครราชสีมา,Nakhon Ratchasima,3017,TH-P29-D17,ชุมพวง,Chum Phuang,chum-phuang,301702,TH-P29-D17-T02,ประสุข,t-301702,AMPHOE CHUM PHUANG,TAMBON PRASUK,TAMBON PRASUK,False,MATCHED,EXACT_NORMALIZED_EN,
NR-RESEARCH-AREA-079,79,Chum Phuang / Tha Lat / ID 79,Tha Lat,Chum Phuang,Chum Phuang,Collecting,Collecting,TH-P29,30,นครราชสีมา,Nakhon Ratchasima,3017,TH-P29-D17,ชุมพวง,Chum Phuang,chum-phuang,301703,TH-P29-D17-T03,ท่าลาด,t-301703,AMPHOE CHUM PHUANG,TAMBON THA LAT,TAMBON THA LAT,False,MATCHED,EXACT_NORMALIZED_EN,
NR-RESEARCH-AREA-080,80,Chum Phuang / Sarai / ID 80,Sarai,Chum Phuang,Chum Phuang,RainFed,RainFed,TH-P29,30,นครราชสีมา,Nakhon Ratchasima,3017,TH-P29-D17,ชุมพวง,Chum Phuang,chum-phuang,301704,TH-P29-D17-T04,สาหร่าย,t-301704,AMPHOE CHUM PHUANG,TAMBON SARAI,TAMBON SARAI,False,MATCHED,EXACT_NORMALIZED_EN,
NR-RESEARCH-AREA-081,81,Chum Phuang / Talat Sai / ID 81,Talat Sai,Chum Phuang,Chum Phuang,Collecting,Collecting,TH-P29,30,นครราชสีมา,Nakhon Ratchasima,3017,TH-P29-D17,ชุมพวง,Chum Phuang,chum-phuang,301705,TH-P29-D17-T05,ตลาดไทร,t-301705,AMPHOE CHUM PHUANG,TAMBON TALAT SAI,TAMBON TALAT SAI,False,MATCHED,EXACT_NORMALIZED_EN,
NR-RESEARCH-AREA-082,82,Chum Phuang / Non Rang / ID 82,Non Rang,Chum Phuang,Chum Phuang,Collecting,Collecting,TH-P29,30,นครราชสีมา,Nakhon Ratchasima,3017,TH-P29-D17,ชุมพวง,Chum Phuang,chum-phuang,301710,TH-P29-D17-T10,โนนรัง,t-301710,AMPHOE CHUM PHUANG,TAMBON NON RANG,TAMBON NON RANG,False,MATCHED,EXACT_NORMALIZED_EN,
NR-RESEARCH-AREA-083,83,Chum Phuang / Nong Lak / ID 83,Nong Lak,Chum Phuang,Chum Phuang,RainFed,RainFed,TH-P29,30,นครราชสีมา,Nakhon Ratchasima,3017,TH-P29-D17,ชุมพวง,Chum Phuang,chum-phuang,301714,TH-P29-D17-T14,หนองหลัก,t-301714,AMPHOE CHUM PHUANG,TAMBON NONG LAK,TAMBON NONG LAK,False,MATCHED,EXACT_NORMALIZED_EN,
NR-RESEARCH-AREA-084,84,Chum Phuang / Non Tum / ID 84,Non Tum,Chum Phuang,Chum Phuang,Collecting,Collecting,TH-P29,30,นครราชสีมา,Nakhon Ratchasima,3017,TH-P29-D17,ชุมพวง,Chum Phuang,chum-phuang,301716,TH-P29-D17-T16,โนนตูม,t-301716,AMPHOE CHUM PHUANG,TAMBON NON TUM,TAMBON NON TUM,False,MATCHED,EXACT_NORMALIZED_EN,
NR-RESEARCH-AREA-085,85,Chum Phuang / Non Yo / ID 85,Non Yo,Chum Phuang,Chum Phuang,Collecting,Collecting,TH-P29,30,นครราชสีมา,Nakhon Ratchasima,3017,TH-P29-D17,ชุมพวง,Chum Phuang,chum-phuang,301717,TH-P29-D17-T17,โนนยอ,t-301717,AMPHOE CHUM PHUANG,TAMBON NON YO,TAMBON NON YO,False,MATCHED,EXACT_NORMALIZED_EN,
NR-RESEARCH-AREA-253,253,Sung Noen / Sung Noen / ID 253,Sung Noen,Sung Noen,Sung Noen,RainFed,RainFed,TH-P29,30,นครราชสีมา,Nakhon Ratchasima,3018,TH-P29-D18,สูงเนิน,Sung Noen,sung-noen,301801,TH-P29-D18-T01,สูงเนิน,t-301801,AMPHOE SUNG NOEN,TAMBON SUNG NOEN,TAMBON SUNG NOEN,False,MATCHED,EXACT_NORMALIZED_EN,
NR-RESEARCH-AREA-254,254,Sung Noen / Sema / ID 254,Sema,Sung Noen,Sung Noen,RainFed,RainFed,TH-P29,30,นครราชสีมา,Nakhon Ratchasima,3018,TH-P29-D18,สูงเนิน,Sung Noen,sung-noen,301802,TH-P29-D18-T02,เสมา,t-301802,AMPHOE SUNG NOEN,TAMBON SEMA,TAMBON SEMA,False,MATCHED,EXACT_NORMALIZED_EN,
NR-RESEARCH-AREA-255,255,Sung Noen / Khorat / ID 255,Khorat,Sung Noen,Sung Noen,Collecting,Collecting,TH-P29,30,นครราชสีมา,Nakhon Ratchasima,3018,TH-P29-D18,สูงเนิน,Sung Noen,sung-noen,301803,TH-P29-D18-T03,โคราช,t-301803,AMPHOE SUNG NOEN,TAMBON KHORAT,TAMBON KHORAT,False,MATCHED,EXACT_NORMALIZED_EN,
NR-RESEARCH-AREA-256,256,Sung Noen / Bung Khi Lek / ID 256,Bung Khi Lek,Sung Noen,Sung Noen,RainFed,RainFed,TH-P29,30,นครราชสีมา,Nakhon Ratchasima,3018,TH-P29-D18,สูงเนิน,Sung Noen,sung-noen,301804,TH-P29-D18-T04,บุ่งขี้เหล็ก,t-301804,AMPHOE SUNG NOEN,TAMBON BUNG KHI LEK,TAMBON BUNG KHI LEK,False,MATCHED,EXACT_NORMALIZED_EN,
NR-RESEARCH-AREA-257,257,Sung Noen / Non Kha / ID 257,Non Kha,Sung Noen,Sung Noen,RainFed,RainFed,TH-P29,30,นครราชสีมา,Nakhon Ratchasima,3018,TH-P29-D18,สูงเนิน,Sung Noen,sung-noen,301805,TH-P29-D18-T05,โนนค่า,t-301805,AMPHOE SUNG NOEN,TAMBON NON KHA,TAMBON NON KHA,False,MATCHED,EXACT_NORMALIZED_EN,
NR-RESEARCH-AREA-258,258,Sung Noen / Khong Yang / ID 258,Khong Yang,Sung Noen,Sung Noen,RainFed,RainFed,TH-P29,30,นครราชสีมา,Nakhon Ratchasima,3018,TH-P29-D18,สูงเนิน,Sung Noen,sung-noen,301806,TH-P29-D18-T06,โค้งยาง,t-301806,AMPHOE SUNG NOEN,TAMBON KHONG YANG,TAMBON KHONG YANG,False,MATCHED,EXACT_NORMALIZED_EN,
NR-RESEARCH-AREA-259,259,Sung Noen / Makluea Kao / ID 259,Makluea Kao,Sung Noen,Sung Noen,RainFed,RainFed,TH-P29,30,นครราชสีมา,Nakhon Ratchasima,3018,TH-P29-D18,สูงเนิน,Sung Noen,sung-noen,301807,TH-P29-D18-T07,มะเกลือเก่า,t-301807,AMPHOE SUNG NOEN,TAMBON MAKLUEA KAO,TAMBON MAKLUEA KAO,False,MATCHED,EXACT_NORMALIZED_EN,
NR-RESEARCH-AREA-260,260,Sung Noen / Makluea Mai / ID 260,Makluea Mai,Sung Noen,Sung Noen,RainFed,RainFed,TH-P29,30,นครราชสีมา,Nakhon Ratchasima,3018,TH-P29-D18,สูงเนิน,Sung Noen,sung-noen,301808,TH-P29-D18-T08,มะเกลือใหม่,t-301808,AMPHOE SUNG NOEN,TAMBON MAKLUEA MAI,TAMBON MAKLUEA MAI,False,MATCHED,EXACT_NORMALIZED_EN,
NR-RESEARCH-AREA-261,261,Sung Noen / Na Klang / ID 261,Na Klang,Sung Noen,Sung Noen,Collecting,Collecting,TH-P29,30,นครราชสีมา,Nakhon Ratchasima,3018,TH-P29-D18,สูงเนิน,Sung Noen,sung-noen,301809,TH-P29-D18-T09,นากลาง,t-301809,AMPHOE SUNG NOEN,TAMBON NA KLANG,TAMBON NA KLANG,False,MATCHED,EXACT_NORMALIZED_EN,
NR-RESEARCH-AREA-262,262,Sung Noen / Nong Takai / ID 262,Nong Takai,Sung Noen,Sung Noen,RainFed,RainFed,TH-P29,30,นครราชสีมา,Nakhon Ratchasima,3018,TH-P29-D18,สูงเนิน,Sung Noen,sung-noen,301810,TH-P29-D18-T10,หนองตะไก้,t-301810,AMPHOE SUNG NOEN,TAMBON NONG TAKAI,TAMBON NONG TAKAI,False,MATCHED,EXACT_NORMALIZED_EN,
NR-RESEARCH-AREA-263,263,Sung Noen / Kut Chik / ID 263,Kut Chik,Sung Noen,Sung Noen,RainFed,RainFed,TH-P29,30,นครราชสีมา,Nakhon Ratchasima,3018,TH-P29-D18,สูงเนิน,Sung Noen,sung-noen,301811,TH-P29-D18-T11,กุดจิก,t-301811,AMPHOE SUNG NOEN,TAMBON KHONG YANG,TAMBON KUT CHIK,True,MATCHED,GEODATA_EN_LABEL_OVERRIDE;ALIAS_NORMALIZED_EN,GEODATA_LABEL_OVERRIDE
NR-RESEARCH-AREA-030,30,Kham Thale So / Kham Thale So / ID 30,Kham Thale So,Kham Thale So,Kham Thale So,Collecting,Collecting,TH-P29,30,นครราชสีมา,Nakhon Ratchasima,3019,TH-P29-D19,ขามทะเลสอ,Kham Thale So,kham-thale-so,301901,TH-P29-D19-T01,ขามทะเลสอ,t-301901,AMPHOE KHAM THALE SO,TAMBON KHAM THALE SO,TAMBON KHAM THALE SO,False,MATCHED,EXACT_NORMALIZED_EN,
NR-RESEARCH-AREA-031,31,Kham Thale So / Pong Daeng / ID 31,Pong Daeng,Kham Thale So,Kham Thale So,Collecting,Collecting,TH-P29,30,นครราชสีมา,Nakhon Ratchasima,3019,TH-P29-D19,ขามทะเลสอ,Kham Thale So,kham-thale-so,301902,TH-P29-D19-T02,โป่งแดง,t-301902,AMPHOE KHAM THALE SO,TAMBON PONG DAENG,TAMBON PONG DAENG,False,MATCHED,EXACT_NORMALIZED_EN,
NR-RESEARCH-AREA-032,32,Kham Thale So / Phan Dung / ID 32,Phan Dung,Kham Thale So,Kham Thale So,Collecting,Collecting,TH-P29,30,นครราชสีมา,Nakhon Ratchasima,3019,TH-P29-D19,ขามทะเลสอ,Kham Thale So,kham-thale-so,301903,TH-P29-D19-T03,พันดุง,t-301903,AMPHOE KHAM THALE SO,TAMBON PHAN DUNG,TAMBON PHAN DUNG,False,MATCHED,EXACT_NORMALIZED_EN,
NR-RESEARCH-AREA-033,33,Kham Thale So / Nong Suang / ID 33,Nong Suang,Kham Thale So,Kham Thale So,Collecting,Collecting,TH-P29,30,นครราชสีมา,Nakhon Ratchasima,3019,TH-P29-D19,ขามทะเลสอ,Kham Thale So,kham-thale-so,301904,TH-P29-D19-T04,หนองสรวง,t-301904,AMPHOE KHAM THALE SO,TAMBON NONG SUANG,TAMBON NONG SUANG,False,MATCHED,EXACT_NORMALIZED_EN,
NR-RESEARCH-AREA-034,34,Kham Thale So / Bueng O / ID 34,Bueng O,Kham Thale So,Kham Thale So,Collecting,Collecting,TH-P29,30,นครราชสีมา,Nakhon Ratchasima,3019,TH-P29-D19,ขามทะเลสอ,Kham Thale So,kham-thale-so,301905,TH-P29-D19-T05,บึงอ้อ,t-301905,AMPHOE KHAM THALE SO,TAMBON BUENG O,TAMBON BUENG O,False,MATCHED,EXACT_NORMALIZED_EN,
NR-RESEARCH-AREA-236,236,Si Khio / Sikhio / ID 236,Sikhio,Si Khio,Si Khio,Collecting,Collecting,TH-P29,30,นครราชสีมา,Nakhon Ratchasima,3020,TH-P29-D20,สีคิ้ว,Sikhio,sikhio,302001,TH-P29-D20-T01,สีคิ้ว,t-302001,AMPHOE SIKHIO,TAMBON SIKHIO,TAMBON SIKHIO,False,MATCHED,EXACT_NORMALIZED_EN,
NR-RESEARCH-AREA-237,237,Si Khio / Ban Han / ID 237,Ban Han,Si Khio,Si Khio,RainFed,RainFed,TH-P29,30,นครราชสีมา,Nakhon Ratchasima,3020,TH-P29-D20,สีคิ้ว,Sikhio,sikhio,302002,TH-P29-D20-T02,บ้านหัน,t-302002,AMPHOE SIKHIO,TAMBON BAN HAN,TAMBON BAN HAN,False,MATCHED,EXACT_NORMALIZED_EN,
NR-RESEARCH-AREA-238,238,Si Khio / Kritsana / ID 238,Kritsana,Si Khio,Si Khio,RainFed,RainFed,TH-P29,30,นครราชสีมา,Nakhon Ratchasima,3020,TH-P29-D20,สีคิ้ว,Sikhio,sikhio,302003,TH-P29-D20-T03,กฤษณา,t-302003,AMPHOE SIKHIO,TAMBON KRITSANA,TAMBON KRITSANA,False,MATCHED,EXACT_NORMALIZED_EN,
NR-RESEARCH-AREA-239,239,Si Khio / Lat Bua Khao / ID 239,Lat Bua Khao,Si Khio,Si Khio,Collecting,Collecting,TH-P29,30,นครราชสีมา,Nakhon Ratchasima,3020,TH-P29-D20,สีคิ้ว,Sikhio,sikhio,302004,TH-P29-D20-T04,ลาดบัวขาว,t-302004,AMPHOE SIKHIO,TAMBON LAT BUA KHAO,TAMBON LAT BUA KHAO,False,MATCHED,EXACT_NORMALIZED_EN,
NR-RESEARCH-AREA-240,240,Si Khio / Nong Ya Khao / ID 240,Nong Ya Khao,Si Khio,Si Khio,Collecting,Collecting,TH-P29,30,นครราชสีมา,Nakhon Ratchasima,3020,TH-P29-D20,สีคิ้ว,Sikhio,sikhio,302005,TH-P29-D20-T05,หนองหญ้าขาว,t-302005,AMPHOE SIKHIO,TAMBON NONG YA KHAO,TAMBON NONG YA KHAO,False,MATCHED,EXACT_NORMALIZED_EN,
NR-RESEARCH-AREA-241,241,Si Khio / Kut Noi / ID 241,Kut Noi,Si Khio,Si Khio,Collecting,Collecting,TH-P29,30,นครราชสีมา,Nakhon Ratchasima,3020,TH-P29-D20,สีคิ้ว,Sikhio,sikhio,302006,TH-P29-D20-T06,กุดน้อย,t-302006,AMPHOE SIKHIO,TAMBON KUT NOI,TAMBON KUT NOI,False,MATCHED,EXACT_NORMALIZED_EN,
NR-RESEARCH-AREA-242,242,Si Khio / Nong Nam Sai / ID 242,Nong Nam Sai,Si Khio,Si Khio,Collecting,Collecting,TH-P29,30,นครราชสีมา,Nakhon Ratchasima,3020,TH-P29-D20,สีคิ้ว,Sikhio,sikhio,302007,TH-P29-D20-T07,หนองน้ำใส,t-302007,AMPHOE SIKHIO,TAMBON NONG NAM SAI,TAMBON NONG NAM SAI,False,MATCHED,EXACT_NORMALIZED_EN,
NR-RESEARCH-AREA-243,243,Si Khio / Wang Rong Yai / ID 243,Wang Rong Yai,Si Khio,Si Khio,RainFed,RainFed,TH-P29,30,นครราชสีมา,Nakhon Ratchasima,3020,TH-P29-D20,สีคิ้ว,Sikhio,sikhio,302008,TH-P29-D20-T08,วังโรงใหญ่,t-302008,AMPHOE SIKHIO,TAMBON WANG RONG YAI,TAMBON WANG RONG YAI,False,MATCHED,EXACT_NORMALIZED_EN,
NR-RESEARCH-AREA-244,244,Si Khio / Mittraphap / ID 244,Mittraphap,Si Khio,Si Khio,Collecting,Collecting,TH-P29,30,นครราชสีมา,Nakhon Ratchasima,3020,TH-P29-D20,สีคิ้ว,Sikhio,sikhio,302009,TH-P29-D20-T09,มิตรภาพ,t-302009,AMPHOE SIKHIO,TAMBON MITTRAPHAP,TAMBON MITTRAPHAP,False,MATCHED,EXACT_NORMALIZED_EN,
NR-RESEARCH-AREA-245,245,Si Khio / Khlong Phai / ID 245,Khlong Phai,Si Khio,Si Khio,RainFed,RainFed,TH-P29,30,นครราชสีมา,Nakhon Ratchasima,3020,TH-P29-D20,สีคิ้ว,Sikhio,sikhio,302010,TH-P29-D20-T10,คลองไผ่,t-302010,AMPHOE SIKHIO,TAMBON KHLONG PHAI,TAMBON KHLONG PHAI,False,MATCHED,EXACT_NORMALIZED_EN,
NR-RESEARCH-AREA-246,246,Si Khio / Don Mueang / ID 246,Don Mueang,Si Khio,Si Khio,Collecting,Collecting,TH-P29,30,นครราชสีมา,Nakhon Ratchasima,3020,TH-P29-D20,สีคิ้ว,Sikhio,sikhio,302011,TH-P29-D20-T11,ดอนเมือง,t-302011,AMPHOE SIKHIO,TAMBON DON MUEANG,TAMBON DON MUEANG,False,MATCHED,EXACT_NORMALIZED_EN,
NR-RESEARCH-AREA-247,247,Si Khio / Nong Bua Noi / ID 247,Nong Bua Noi,Si Khio,Si Khio,Collecting,Collecting,TH-P29,30,นครราชสีมา,Nakhon Ratchasima,3020,TH-P29-D20,สีคิ้ว,Sikhio,sikhio,302012,TH-P29-D20-T12,หนองบัวน้อย,t-302012,AMPHOE SIKHIO,TAMBON NONG BUA NOI,TAMBON NONG BUA NOI,False,MATCHED,EXACT_NORMALIZED_EN,
NR-RESEARCH-AREA-194,194,Pak Chong / Pak Chong / ID 194,Pak Chong,Pak Chong,Pak Chong,Irragation,Irrigation,TH-P29,30,นครราชสีมา,Nakhon Ratchasima,3021,TH-P29-D21,ปากช่อง,Pak Chong,pak-chong,302101,TH-P29-D21-T01,ปากช่อง,t-302101,AMPHOE PAK CHONG,TAMBON PAK CHONG,TAMBON PAK CHONG,False,MATCHED,EXACT_NORMALIZED_EN;IRRIGATION_STATUS_NORMALIZED,IRRIGATION_STATUS_NORMALIZED
NR-RESEARCH-AREA-195,195,Pak Chong / Klang Dong / ID 195,Klang Dong,Pak Chong,Pak Chong,Collecting,Collecting,TH-P29,30,นครราชสีมา,Nakhon Ratchasima,3021,TH-P29-D21,ปากช่อง,Pak Chong,pak-chong,302102,TH-P29-D21-T02,กลางดง,t-302102,AMPHOE PAK CHONG,TAMBON KLANG DONG,TAMBON KLANG DONG,False,MATCHED,EXACT_NORMALIZED_EN,
NR-RESEARCH-AREA-196,196,Pak Chong / Chan Thuek / ID 196,Chan Thuek,Pak Chong,Pak Chong,Collecting,Collecting,TH-P29,30,นครราชสีมา,Nakhon Ratchasima,3021,TH-P29-D21,ปากช่อง,Pak Chong,pak-chong,302103,TH-P29-D21-T03,จันทึก,t-302103,AMPHOE PAK CHONG,TAMBON CHAN THUEK,TAMBON CHAN THUEK,False,MATCHED,EXACT_NORMALIZED_EN,
NR-RESEARCH-AREA-197,197,Pak Chong / Wang Katha / ID 197,Wang Katha,Pak Chong,Pak Chong,Collecting,Collecting,TH-P29,30,นครราชสีมา,Nakhon Ratchasima,3021,TH-P29-D21,ปากช่อง,Pak Chong,pak-chong,302104,TH-P29-D21-T04,วังกะทะ,t-302104,AMPHOE PAK CHONG,TAMBON WANG KATHA,TAMBON WANG KATHA,False,MATCHED,EXACT_NORMALIZED_EN,
NR-RESEARCH-AREA-198,198,Pak Chong / Mu Si / ID 198,Mu Si,Pak Chong,Pak Chong,Collecting,Collecting,TH-P29,30,นครราชสีมา,Nakhon Ratchasima,3021,TH-P29-D21,ปากช่อง,Pak Chong,pak-chong,302105,TH-P29-D21-T05,หมูสี,t-302105,AMPHOE PAK CHONG,TAMBON MU SI,TAMBON MU SI,False,MATCHED,EXACT_NORMALIZED_EN,
NR-RESEARCH-AREA-199,199,Pak Chong / Nong Sarai / ID 199,Nong Sarai,Pak Chong,Pak Chong,Collecting,Collecting,TH-P29,30,นครราชสีมา,Nakhon Ratchasima,3021,TH-P29-D21,ปากช่อง,Pak Chong,pak-chong,302106,TH-P29-D21-T06,หนองสาหร่าย,t-302106,AMPHOE PAK CHONG,TAMBON NONG SARAI,TAMBON NONG SARAI,False,MATCHED,EXACT_NORMALIZED_EN,
NR-RESEARCH-AREA-200,200,Pak Chong / Khanong Phra / ID 200,Khanong Phra,Pak Chong,Pak Chong,Collecting,Collecting,TH-P29,30,นครราชสีมา,Nakhon Ratchasima,3021,TH-P29-D21,ปากช่อง,Pak Chong,pak-chong,302107,TH-P29-D21-T07,ขนงพระ,t-302107,AMPHOE PAK CHONG,TAMBON KHANONG PHRA,TAMBON KHANONG PHRA,False,MATCHED,EXACT_NORMALIZED_EN,
NR-RESEARCH-AREA-201,201,Pak Chong / Pong Ta Long / ID 201,Pong Ta Long,Pak Chong,Pak Chong,Collecting,Collecting,TH-P29,30,นครราชสีมา,Nakhon Ratchasima,3021,TH-P29-D21,ปากช่อง,Pak Chong,pak-chong,302108,TH-P29-D21-T08,โป่งตาลอง,t-302108,AMPHOE PAK CHONG,TAMBON PONG TA LONG,TAMBON PONG TA LONG,False,MATCHED,EXACT_NORMALIZED_EN,
NR-RESEARCH-AREA-202,202,Pak Chong / Khlong Muang / ID 202,Khlong Muang,Pak Chong,Pak Chong,Irragation,Irrigation,TH-P29,30,นครราชสีมา,Nakhon Ratchasima,3021,TH-P29-D21,ปากช่อง,Pak Chong,pak-chong,302109,TH-P29-D21-T09,คลองม่วง,t-302109,AMPHOE PAK CHONG,TAMBON KHLONG MUANG,TAMBON KHLONG MUANG,False,MATCHED,EXACT_NORMALIZED_EN;IRRIGATION_STATUS_NORMALIZED,IRRIGATION_STATUS_NORMALIZED
NR-RESEARCH-AREA-203,203,Pak Chong / Nong Nam Daeng / ID 203,Nong Nam Daeng,Pak Chong,Pak Chong,Collecting,Collecting,TH-P29,30,นครราชสีมา,Nakhon Ratchasima,3021,TH-P29-D21,ปากช่อง,Pak Chong,pak-chong,302110,TH-P29-D21-T10,หนองน้ำแดง,t-302110,AMPHOE PAK CHONG,TAMBON NONG NAM DAENG,TAMBON NONG NAM DAENG,False,MATCHED,EXACT_NORMALIZED_EN,
NR-RESEARCH-AREA-204,204,Pak Chong / Wang Sai / ID 204,Wang Sai,Pak Chong,Pak Chong,Irragation,Irrigation,TH-P29,30,นครราชสีมา,Nakhon Ratchasima,3021,TH-P29-D21,ปากช่อง,Pak Chong,pak-chong,302111,TH-P29-D21-T11,วังไทร,t-302111,AMPHOE PAK CHONG,TAMBON WANG SAI,TAMBON WANG SAI,False,MATCHED,EXACT_NORMALIZED_EN;IRRIGATION_STATUS_NORMALIZED,IRRIGATION_STATUS_NORMALIZED
NR-RESEARCH-AREA-205,205,Pak Chong / Phaya Yen / ID 205,Phaya Yen,Pak Chong,Pak Chong,RainFed,RainFed,TH-P29,30,นครราชสีมา,Nakhon Ratchasima,3021,TH-P29-D21,ปากช่อง,Pak Chong,pak-chong,302112,TH-P29-D21-T12,พญาเย็น,t-302112,AMPHOE PAK CHONG,TAMBON PHAYA YEN,TAMBON PHAYA YEN,False,MATCHED,EXACT_NORMALIZED_EN,
NR-RESEARCH-AREA-270,270,Nong Bunmak / Nong Bunnak / ID 270,Nong Bunnak,Nong Bunmak,Nong Bunmak,RainFed,RainFed,TH-P29,30,นครราชสีมา,Nakhon Ratchasima,3022,TH-P29-D22,หนองบุญมาก,Nong Bunnak,nong-bunnak,302201,TH-P29-D22-T01,หนองบุนนาก,t-302201,AMPHOE NONG BUN MAK,TAMBON NONG BUNNAK,TAMBON NONG BUNNAK,False,MATCHED,EXACT_NORMALIZED_EN,
NR-RESEARCH-AREA-271,271,Nong Bunmak / Saraphi / ID 271,Saraphi,Nong Bunmak,Nong Bunmak,RainFed,RainFed,TH-P29,30,นครราชสีมา,Nakhon Ratchasima,3022,TH-P29-D22,หนองบุญมาก,Nong Bunnak,nong-bunnak,302202,TH-P29-D22-T02,สารภี,t-302202,AMPHOE NONG BUN MAK,TAMBON SARAPHI,TAMBON SARAPHI,False,MATCHED,EXACT_NORMALIZED_EN,
NR-RESEARCH-AREA-272,272,Nong Bunmak / Thai Charoen / ID 272,Thai Charoen,Nong Bunmak,Nong Bunmak,Collecting,Collecting,TH-P29,30,นครราชสีมา,Nakhon Ratchasima,3022,TH-P29-D22,หนองบุญมาก,Nong Bunnak,nong-bunnak,302203,TH-P29-D22-T03,ไทยเจริญ,t-302203,AMPHOE NONG BUN MAK,TAMBON THAI CHAROEN,TAMBON THAI CHAROEN,False,MATCHED,EXACT_NORMALIZED_EN,
NR-RESEARCH-AREA-273,273,Nong Bunmak / Nong Hua Raet / ID 273,Nong Hua Raet,Nong Bunmak,Nong Bunmak,RainFed,RainFed,TH-P29,30,นครราชสีมา,Nakhon Ratchasima,3022,TH-P29-D22,หนองบุญมาก,Nong Bunnak,nong-bunnak,302204,TH-P29-D22-T04,หนองหัวแรต,t-302204,AMPHOE NONG BUN MAK,TAMBON NONG HUA RAET,TAMBON NONG HUA RAET,False,MATCHED,EXACT_NORMALIZED_EN,
NR-RESEARCH-AREA-274,274,Nong Bunmak / Laem Thong / ID 274,Laem Thong,Nong Bunmak,Nong Bunmak,RainFed,RainFed,TH-P29,30,นครราชสีมา,Nakhon Ratchasima,3022,TH-P29-D22,หนองบุญมาก,Nong Bunnak,nong-bunnak,302205,TH-P29-D22-T05,แหลมทอง,t-302205,AMPHOE NONG BUN MAK,TAMBON LAEM THONG,TAMBON LAEM THONG,False,MATCHED,EXACT_NORMALIZED_EN,
NR-RESEARCH-AREA-275,275,Nong Bunmak / Nong Takai / ID 275,Nong Takai,Nong Bunmak,Nong Bunmak,RainFed,RainFed,TH-P29,30,นครราชสีมา,Nakhon Ratchasima,3022,TH-P29-D22,หนองบุญมาก,Nong Bunnak,nong-bunnak,302206,TH-P29-D22-T06,หนองตะไก้,t-302206,AMPHOE NONG BUN MAK,TAMBON NONG TAKAI,TAMBON NONG TAKAI,False,MATCHED,EXACT_NORMALIZED_EN,
NR-RESEARCH-AREA-276,276,Nong Bunmak / Lung Khwao / ID 276,Lung Khwao,Nong Bunmak,Nong Bunmak,Collecting,Collecting,TH-P29,30,นครราชสีมา,Nakhon Ratchasima,3022,TH-P29-D22,หนองบุญมาก,Nong Bunnak,nong-bunnak,302207,TH-P29-D22-T07,ลุงเขว้า,t-302207,AMPHOE NONG BUNMAK,TAMBON LUNG KHWAO,TAMBON LUNG KHWAO,False,MATCHED,EXACT_NORMALIZED_EN,
NR-RESEARCH-AREA-277,277,Nong Bunmak / Nong Mai Phai / ID 277,Nong Mai Phai,Nong Bunmak,Nong Bunmak,RainFed,RainFed,TH-P29,30,นครราชสีมา,Nakhon Ratchasima,3022,TH-P29-D22,หนองบุญมาก,Nong Bunnak,nong-bunnak,302208,TH-P29-D22-T08,หนองไม้ไผ่,t-302208,AMPHOE NONG BUN MAK,TAMBON NONG MAI PHAI,TAMBON NONG MAI PHAI,False,MATCHED,EXACT_NORMALIZED_EN,
NR-RESEARCH-AREA-278,278,Nong Bunmak / Ban Mai / ID 278,Ban Mai,Nong Bunmak,Nong Bunmak,RainFed,RainFed,TH-P29,30,นครราชสีมา,Nakhon Ratchasima,3022,TH-P29-D22,หนองบุญมาก,Nong Bunnak,nong-bunnak,302209,TH-P29-D22-T09,บ้านใหม่,t-302209,AMPHOE NONG BUN MAK,TAMBON BAN MAI,TAMBON BAN MAI,False,MATCHED,EXACT_NORMALIZED_EN,
NR-RESEARCH-AREA-025,25,Kaeng Sanam Nang / Kaeng Sanam Nang / ID 25,Kaeng Sanam Nang,Kaeng Sanam Nang,Kaeng Sanam Nang,Collecting,Collecting,TH-P29,30,นครราชสีมา,Nakhon Ratchasima,3023,TH-P29-D23,แก้งสนามนาง,Kaeng Sanam Nang,kaeng-sanam-nang,302301,TH-P29-D23-T01,แก้งสนามนาง,t-302301,AMPHOE KAENG SANAM NANG,TAMBON KAENG SANAM NANG,TAMBON KAENG SANAM NANG,False,MATCHED,EXACT_NORMALIZED_EN,
NR-RESEARCH-AREA-026,26,Kaeng Sanam Nang / Non Samran / ID 26,Non Samran,Kaeng Sanam Nang,Kaeng Sanam Nang,RainFed,RainFed,TH-P29,30,นครราชสีมา,Nakhon Ratchasima,3023,TH-P29-D23,แก้งสนามนาง,Kaeng Sanam Nang,kaeng-sanam-nang,302302,TH-P29-D23-T02,โนนสำราญ,t-302302,AMPHOE KAENG SANAM NANG,TAMBON NON SAMRAN,TAMBON NON SAMRAN,False,MATCHED,EXACT_NORMALIZED_EN,
NR-RESEARCH-AREA-027,27,Kaeng Sanam Nang / Bueng Phalai / ID 27,Bueng Phalai,Kaeng Sanam Nang,Kaeng Sanam Nang,RainFed,RainFed,TH-P29,30,นครราชสีมา,Nakhon Ratchasima,3023,TH-P29-D23,แก้งสนามนาง,Kaeng Sanam Nang,kaeng-sanam-nang,302303,TH-P29-D23-T03,บึงพะไล,t-302303,AMPHOE KAENG SANAM NANG,TAMBON BUENG PHALAI,TAMBON BUENG PHALAI,False,MATCHED,EXACT_NORMALIZED_EN,
NR-RESEARCH-AREA-028,28,Kaeng Sanam Nang / Si Suk / ID 28,Si Suk,Kaeng Sanam Nang,Kaeng Sanam Nang,RainFed,RainFed,TH-P29,30,นครราชสีมา,Nakhon Ratchasima,3023,TH-P29-D23,แก้งสนามนาง,Kaeng Sanam Nang,kaeng-sanam-nang,302304,TH-P29-D23-T04,สีสุก,t-302304,AMPHOE KAENG SANAM NANG,TAMBON SI SUK,TAMBON SI SUK,False,MATCHED,EXACT_NORMALIZED_EN,
NR-RESEARCH-AREA-029,29,Kaeng Sanam Nang / Bueng Samrong / ID 29,Bueng Samrong,Kaeng Sanam Nang,Kaeng Sanam Nang,RainFed,RainFed,TH-P29,30,นครราชสีมา,Nakhon Ratchasima,3023,TH-P29-D23,แก้งสนามนาง,Kaeng Sanam Nang,kaeng-sanam-nang,302305,TH-P29-D23-T05,บึงสำโรง,t-302305,AMPHOE KAENG SANAM NANG,TAMBON BUENG SAMRONG,TAMBON BUENG SAMRONG,False,MATCHED,EXACT_NORMALIZED_EN,
NR-RESEARCH-AREA-116,116,Non Daeng / Non Daeng / ID 116,Non Daeng,Non Daeng,Non Daeng,Collecting,Collecting,TH-P29,30,นครราชสีมา,Nakhon Ratchasima,3024,TH-P29-D24,โนนแดง,Non Daeng,non-daeng,302401,TH-P29-D24-T01,โนนแดง,t-302401,AMPHOE NON DAENG,TAMBON DON YAO YAI,TAMBON NON DAENG,True,MATCHED,GEODATA_EN_LABEL_OVERRIDE;ALIAS_NORMALIZED_EN,GEODATA_LABEL_OVERRIDE
NR-RESEARCH-AREA-117,117,Non Daeng / Non Ta Then / ID 117,Non Ta Then,Non Daeng,Non Daeng,RainFed,RainFed,TH-P29,30,นครราชสีมา,Nakhon Ratchasima,3024,TH-P29-D24,โนนแดง,Non Daeng,non-daeng,302402,TH-P29-D24-T02,โนนตาเถร,t-302402,AMPHOE NON DAENG,TAMBON NON TA THEN,TAMBON NON TA THEN,False,MATCHED,EXACT_NORMALIZED_EN,
NR-RESEARCH-AREA-118,118,Non Daeng / Sam Phaniang / ID 118,Sam Phaniang,Non Daeng,Non Daeng,Collecting,Collecting,TH-P29,30,นครราชสีมา,Nakhon Ratchasima,3024,TH-P29-D24,โนนแดง,Non Daeng,non-daeng,302403,TH-P29-D24-T03,สำพะเนียง,t-302403,AMPHOE NON DAENG,TAMBON SAM PHANIANG,TAMBON SAM PHANIANG,False,MATCHED,EXACT_NORMALIZED_EN,
NR-RESEARCH-AREA-119,119,Non Daeng / Wang Hin / ID 119,Wang Hin,Non Daeng,Non Daeng,RainFed,RainFed,TH-P29,30,นครราชสีมา,Nakhon Ratchasima,3024,TH-P29-D24,โนนแดง,Non Daeng,non-daeng,302404,TH-P29-D24-T04,วังหิน,t-302404,AMPHOE NON DAENG,TAMBON WANG HIN,TAMBON WANG HIN,False,MATCHED,EXACT_NORMALIZED_EN,
NR-RESEARCH-AREA-120,120,Non Daeng / Don Yao Yai / ID 120,Don Yao Yai,Non Daeng,Non Daeng,Collecting,Collecting,TH-P29,30,นครราชสีมา,Nakhon Ratchasima,3024,TH-P29-D24,โนนแดง,Non Daeng,non-daeng,302405,TH-P29-D24-T05,ดอนยาวใหญ่,t-302405,AMPHOE NON DAENG,TAMBON NON TA THEN,TAMBON DON YAO YAI,True,MATCHED,GEODATA_EN_LABEL_OVERRIDE;ALIAS_NORMALIZED_EN,GEODATA_LABEL_OVERRIDE
NR-RESEARCH-AREA-231,231,Wang Nam Khiao / Wang Nam Khiao / ID 231,Wang Nam Khiao,Wang Nam Khiao,Wang Nam Khiao,Collecting,Collecting,TH-P29,30,นครราชสีมา,Nakhon Ratchasima,3025,TH-P29-D25,วังน้ำเขียว,Wang Nam Khiao,wang-nam-khiao,302501,TH-P29-D25-T01,วังน้ำเขียว,t-302501,AMPHOE WANG NAM KHIAO,TAMBON WANG NAM KHIAO,TAMBON WANG NAM KHIAO,False,MATCHED,EXACT_NORMALIZED_EN,
NR-RESEARCH-AREA-232,232,Wang Nam Khiao / Wang Mi / ID 232,Wang Mi,Wang Nam Khiao,Wang Nam Khiao,Collecting,Collecting,TH-P29,30,นครราชสีมา,Nakhon Ratchasima,3025,TH-P29-D25,วังน้ำเขียว,Wang Nam Khiao,wang-nam-khiao,302502,TH-P29-D25-T02,วังหมี,t-302502,AMPHOE WANG NAM KHIAO,TAMBON WANG MI,TAMBON WANG MI,False,MATCHED,EXACT_NORMALIZED_EN,
NR-RESEARCH-AREA-233,233,Wang Nam Khiao / Raroeng / ID 233,Raroeng,Wang Nam Khiao,Wang Nam Khiao,Collecting,Collecting,TH-P29,30,นครราชสีมา,Nakhon Ratchasima,3025,TH-P29-D25,วังน้ำเขียว,Wang Nam Khiao,wang-nam-khiao,302503,TH-P29-D25-T03,ระเริง,t-302503,AMPHOE WANG NAM KHIAO,TAMBON RAROENG,TAMBON RAROENG,False,MATCHED,EXACT_NORMALIZED_EN,
NR-RESEARCH-AREA-234,234,Wang Nam Khiao / Udom Sap / ID 234,Udom Sap,Wang Nam Khiao,Wang Nam Khiao,RainFed,RainFed,TH-P29,30,นครราชสีมา,Nakhon Ratchasima,3025,TH-P29-D25,วังน้ำเขียว,Wang Nam Khiao,wang-nam-khiao,302504,TH-P29-D25-T04,อุดมทรัพย์,t-302504,AMPHOE WANG NAM KHIAO,TAMBON UDOM SAP,TAMBON UDOM SAP,False,MATCHED,EXACT_NORMALIZED_EN,
NR-RESEARCH-AREA-235,235,Wang Nam Khiao / Thai Samakkhi / ID 235,Thai Samakkhi,Wang Nam Khiao,Wang Nam Khiao,RainFed,RainFed,TH-P29,30,นครราชสีมา,Nakhon Ratchasima,3025,TH-P29-D25,วังน้ำเขียว,Wang Nam Khiao,wang-nam-khiao,302505,TH-P29-D25-T05,ไทยสามัคคี,t-302505,AMPHOE WANG NAM KHIAO,TAMBON THAI SAMAKKHI,TAMBON THAI SAMAKKHI,False,MATCHED,EXACT_NORMALIZED_EN,
NR-RESEARCH-AREA-112,112,Thepharak / Samnak Takhro / ID 112,Samnak Takhro,Thepharak,Thepharak,RainFed,RainFed,TH-P29,30,นครราชสีมา,Nakhon Ratchasima,3026,TH-P29-D26,เทพารักษ์,Thepharak,thepharak,302601,TH-P29-D26-T01,สำนักตะคร้อ,t-302601,AMPHOE THEPHARAK,TAMBON SAMNAK TAKHRO,TAMBON SAMNAK TAKHRO,False,MATCHED,EXACT_NORMALIZED_EN,
NR-RESEARCH-AREA-113,113,Thepharak / Nong Waeng / ID 113,Nong Waeng,Thepharak,Thepharak,Collecting,Collecting,TH-P29,30,นครราชสีมา,Nakhon Ratchasima,3026,TH-P29-D26,เทพารักษ์,Thepharak,thepharak,302602,TH-P29-D26-T02,หนองแวง,t-302602,AMPHOE THEPHARAK,TAMBON NONG WAENG,TAMBON NONG WAENG,False,MATCHED,EXACT_NORMALIZED_EN,
NR-RESEARCH-AREA-114,114,Thepharak / Bueng Prue / ID 114,Bueng Prue,Thepharak,Thepharak,Collecting,Collecting,TH-P29,30,นครราชสีมา,Nakhon Ratchasima,3026,TH-P29-D26,เทพารักษ์,Thepharak,thepharak,302603,TH-P29-D26-T03,บึงปรือ,t-302603,AMPHOE THEPHARAK,TAMBON BUENG PRUE,TAMBON BUENG PRUE,False,MATCHED,EXACT_NORMALIZED_EN,
NR-RESEARCH-AREA-115,115,Thepharak / Wang Yai Thong / ID 115,Wang Yai Thong,Thepharak,Thepharak,Collecting,Collecting,TH-P29,30,นครราชสีมา,Nakhon Ratchasima,3026,TH-P29-D26,เทพารักษ์,Thepharak,thepharak,302604,TH-P29-D26-T04,วังยายทอง,t-302604,AMPHOE THEPHARAK,TAMBON WANG YAI THONG,TAMBON WANG YAI THONG,False,MATCHED,EXACT_NORMALIZED_EN,
NR-RESEARCH-AREA-223,223,Mueang Yang / Mueang Yang / ID 223,Mueang Yang,Mueang Yang,Mueang Yang,Collecting,Collecting,TH-P29,30,นครราชสีมา,Nakhon Ratchasima,3027,TH-P29-D27,เมืองยาง,Mueang Yang,mueang-yang,302701,TH-P29-D27-T01,เมืองยาง,t-302701,AMPHOE MUEANG YANG,TAMBON MUEANG YANG,TAMBON MUEANG YANG,False,MATCHED,EXACT_NORMALIZED_EN,
NR-RESEARCH-AREA-224,224,Mueang Yang / Krabueang Nok / ID 224,Krabueang Nok,Mueang Yang,Mueang Yang,RainFed,RainFed,TH-P29,30,นครราชสีมา,Nakhon Ratchasima,3027,TH-P29-D27,เมืองยาง,Mueang Yang,mueang-yang,302702,TH-P29-D27-T02,กระเบื้องนอก,t-302702,AMPHOE MUEANG YANG,TAMBON KRABUEANG NOK,TAMBON KRABUEANG NOK,False,MATCHED,EXACT_NORMALIZED_EN,
NR-RESEARCH-AREA-225,225,Mueang Yang / Lahan Pla Khao / ID 225,Lahan Pla Khao,Mueang Yang,Mueang Yang,RainFed,RainFed,TH-P29,30,นครราชสีมา,Nakhon Ratchasima,3027,TH-P29-D27,เมืองยาง,Mueang Yang,mueang-yang,302703,TH-P29-D27-T03,ละหานปลาค้าว,t-302703,AMPHOE MUEANG YANG,TAMBON LAHAN PLA KHAO,TAMBON LAHAN PLA KHAO,False,MATCHED,EXACT_NORMALIZED_EN,
NR-RESEARCH-AREA-226,226,Mueang Yang / Non Udom / ID 226,Non Udom,Mueang Yang,Mueang Yang,Collecting,Collecting,TH-P29,30,นครราชสีมา,Nakhon Ratchasima,3027,TH-P29-D27,เมืองยาง,Mueang Yang,mueang-yang,302704,TH-P29-D27-T04,โนนอุดม,t-302704,AMPHOE MUEANG YANG,TAMBON NON UDOM,TAMBON NON UDOM,False,MATCHED,EXACT_NORMALIZED_EN,
NR-RESEARCH-AREA-206,206,Phra Thong Kham / Sa Phra / ID 206,Sa Phra,Phra Thong Kham,Phra Thong Kham,RainFed,RainFed,TH-P29,30,นครราชสีมา,Nakhon Ratchasima,3028,TH-P29-D28,พระทองคำ,Phra Thong Kham,phra-thong-kham,302801,TH-P29-D28-T01,สระพระ,t-302801,AMPHOE PHRA THONG KHAM,TAMBON SA PHRA,TAMBON SA PHRA,False,MATCHED,EXACT_NORMALIZED_EN,
NR-RESEARCH-AREA-207,207,Phra Thong Kham / Map Krat / ID 207,Map Krat,Phra Thong Kham,Phra Thong Kham,Collecting,Collecting,TH-P29,30,นครราชสีมา,Nakhon Ratchasima,3028,TH-P29-D28,พระทองคำ,Phra Thong Kham,phra-thong-kham,302802,TH-P29-D28-T02,มาบกราด,t-302802,AMPHOE PHRA THONG KHAM,TAMBON MAP KRAT,TAMBON MAP KRAT,False,MATCHED,EXACT_NORMALIZED_EN,
NR-RESEARCH-AREA-208,208,Phra Thong Kham / Phang Thiam / ID 208,Phang Thiam,Phra Thong Kham,Phra Thong Kham,Collecting,Collecting,TH-P29,30,นครราชสีมา,Nakhon Ratchasima,3028,TH-P29-D28,พระทองคำ,Phra Thong Kham,phra-thong-kham,302803,TH-P29-D28-T03,พังเทียม,t-302803,AMPHOE PHRA THONG KHAM,TAMBON PHANG THIAM,TAMBON PHANG THIAM,False,MATCHED,EXACT_NORMALIZED_EN,
NR-RESEARCH-AREA-209,209,Phra Thong Kham / Thap Rang / ID 209,Thap Rang,Phra Thong Kham,Phra Thong Kham,RainFed,RainFed,TH-P29,30,นครราชสีมา,Nakhon Ratchasima,3028,TH-P29-D28,พระทองคำ,Phra Thong Kham,phra-thong-kham,302804,TH-P29-D28-T04,ทัพรั้ง,t-302804,AMPHOE PHRA THONG KHAM,TAMBON THAP RANG,TAMBON THAP RANG,False,MATCHED,EXACT_NORMALIZED_EN,
NR-RESEARCH-AREA-210,210,Phra Thong Kham / Nong Hoi / ID 210,Nong Hoi,Phra Thong Kham,Phra Thong Kham,Irragation,Irrigation,TH-P29,30,นครราชสีมา,Nakhon Ratchasima,3028,TH-P29-D28,พระทองคำ,Phra Thong Kham,phra-thong-kham,302805,TH-P29-D28-T05,หนองหอย,t-302805,AMPHOE PHRA THONG KHAM,TAMBON NONG HOI,TAMBON NONG HOI,False,MATCHED,EXACT_NORMALIZED_EN;IRRIGATION_STATUS_NORMALIZED,IRRIGATION_STATUS_NORMALIZED
NR-RESEARCH-AREA-227,227,Lamtaman Chai / Khui / ID 227,Khui,Lamtaman Chai,Lamtaman Chai,Collecting,Collecting,TH-P29,30,นครราชสีมา,Nakhon Ratchasima,3029,TH-P29-D29,ลำทะเมนชัย,Lam Thamenchai,lam-thamenchai,302901,TH-P29-D29-T01,ขุย,t-302901,AMPHOE LAM THAMENCHAI,TAMBON KHUI,TAMBON KHUI,False,MATCHED,EXACT_NORMALIZED_EN,
NR-RESEARCH-AREA-228,228,Lamtaman Chai / Ban Yang / ID 228,Ban Yang,Lamtaman Chai,Lamtaman Chai,RainFed,RainFed,TH-P29,30,นครราชสีมา,Nakhon Ratchasima,3029,TH-P29-D29,ลำทะเมนชัย,Lam Thamenchai,lam-thamenchai,302902,TH-P29-D29-T02,บ้านยาง,t-302902,AMPHOE LAM THAMENCHAI,TAMBON BAN YANG,TAMBON BAN YANG,False,MATCHED,EXACT_NORMALIZED_EN,
NR-RESEARCH-AREA-229,229,Lamtaman Chai / Chong Maeo / ID 229,Chong Maeo,Lamtaman Chai,Lamtaman Chai,Collecting,Collecting,TH-P29,30,นครราชสีมา,Nakhon Ratchasima,3029,TH-P29-D29,ลำทะเมนชัย,Lam Thamenchai,lam-thamenchai,302903,TH-P29-D29-T03,ช่องแมว,t-302903,AMPHOE LAM THAMENCHAI,TAMBON CHONG MAEO,TAMBON CHONG MAEO,False,MATCHED,EXACT_NORMALIZED_EN,
NR-RESEARCH-AREA-230,230,Lamtaman Chai / Phrai / ID 230,Phrai,Lamtaman Chai,Lamtaman Chai,Collecting,Collecting,TH-P29,30,นครราชสีมา,Nakhon Ratchasima,3029,TH-P29-D29,ลำทะเมนชัย,Lam Thamenchai,lam-thamenchai,302904,TH-P29-D29-T04,ไพล,t-302904,AMPHOE LAM THAMENCHAI,TAMBON PHRAI,TAMBON PHRAI,False,MATCHED,EXACT_NORMALIZED_EN,
NR-RESEARCH-AREA-147,147,Bua Lai / Mueang Phalai / ID 147,Mueang Phalai,Bua Lai,Bua Lai,Irragation,Irrigation,TH-P29,30,นครราชสีมา,Nakhon Ratchasima,3030,TH-P29-D30,บัวลาย,Bua Lai,bua-lai,303001,TH-P29-D30-T01,เมืองพะไล,t-303001,AMPHOE BUA LAI,TAMBON MUEANG PHALAI,TAMBON MUEANG PHALAI,False,MATCHED,EXACT_NORMALIZED_EN;IRRIGATION_STATUS_NORMALIZED,IRRIGATION_STATUS_NORMALIZED
NR-RESEARCH-AREA-148,148,Bua Lai / Non Chan / ID 148,Non Chan,Bua Lai,Bua Lai,Collecting,Collecting,TH-P29,30,นครราชสีมา,Nakhon Ratchasima,3030,TH-P29-D30,บัวลาย,Bua Lai,bua-lai,303002,TH-P29-D30-T02,โนนจาน,t-303002,AMPHOE BUA LAI,TAMBON NON CHAN,TAMBON NON CHAN,False,MATCHED,EXACT_NORMALIZED_EN,
NR-RESEARCH-AREA-149,149,Bua Lai / Bua Lai / ID 149,Bua Lai,Bua Lai,Bua Lai,Collecting,Collecting,TH-P29,30,นครราชสีมา,Nakhon Ratchasima,3030,TH-P29-D30,บัวลาย,Bua Lai,bua-lai,303003,TH-P29-D30-T03,บัวลาย,t-303003,AMPHOE BUA LAI,TAMBON BUA LAI,TAMBON BUA LAI,False,MATCHED,EXACT_NORMALIZED_EN,
NR-RESEARCH-AREA-150,150,Bua Lai / Nong Wa / ID 150,Nong Wa,Bua Lai,Bua Lai,Collecting,Collecting,TH-P29,30,นครราชสีมา,Nakhon Ratchasima,3030,TH-P29-D30,บัวลาย,Bua Lai,bua-lai,303004,TH-P29-D30-T04,หนองหว้า,t-303004,AMPHOE BUA LAI,TAMBON NONG WA,TAMBON NONG WA,False,MATCHED,EXACT_NORMALIZED_EN,
NR-RESEARCH-AREA-248,248,Sida / Sida / ID 248,Sida,Sida,Sida,RainFed,RainFed,TH-P29,30,นครราชสีมา,Nakhon Ratchasima,3031,TH-P29-D31,สีดา,Sida,sida,303101,TH-P29-D31-T01,สีดา,t-303101,AMPHOE SIDA,TAMBON SIDA,TAMBON SIDA,False,MATCHED,EXACT_NORMALIZED_EN,
NR-RESEARCH-AREA-249,249,Sida / Phon Thong / ID 249,Phon Thong,Sida,Sida,Collecting,Collecting,TH-P29,30,นครราชสีมา,Nakhon Ratchasima,3031,TH-P29-D31,สีดา,Sida,sida,303102,TH-P29-D31-T02,โพนทอง,t-303102,AMPHOE SIDA,TAMBON PHON THONG,TAMBON PHON THONG,False,MATCHED,EXACT_NORMALIZED_EN,
NR-RESEARCH-AREA-250,250,Sida / Non Pradu / ID 250,Non Pradu,Sida,Sida,RainFed,RainFed,TH-P29,30,นครราชสีมา,Nakhon Ratchasima,3031,TH-P29-D31,สีดา,Sida,sida,303103,TH-P29-D31-T03,โนนประดู่,t-303103,AMPHOE SIDA,TAMBON NON PRADU,TAMBON NON PRADU,False,MATCHED,EXACT_NORMALIZED_EN,
NR-RESEARCH-AREA-251,251,Sida / Sam Mueang / ID 251,Sam Mueang,Sida,Sida,Collecting,Collecting,TH-P29,30,นครราชสีมา,Nakhon Ratchasima,3031,TH-P29-D31,สีดา,Sida,sida,303104,TH-P29-D31-T04,สามเมือง,t-303104,AMPHOE SIDA,TAMBON SAM MUEANG,TAMBON SAM MUEANG,False,MATCHED,EXACT_NORMALIZED_EN,
NR-RESEARCH-AREA-252,252,Sida / Nong Tat Yai / ID 252,Nong Tat Yai,Sida,Sida,RainFed,RainFed,TH-P29,30,นครราชสีมา,Nakhon Ratchasima,3031,TH-P29-D31,สีดา,Sida,sida,303105,TH-P29-D31-T05,หนองตาดใหญ่,t-303105,AMPHOE SIDA,TAMBON NONG TAT YAI,TAMBON NONG TAT YAI,False,MATCHED,EXACT_NORMALIZED_EN,
NR-RESEARCH-AREA-072,72,Chaloem Phra Kiet / Chang Thong / ID 72,Chang Thong,Chaloem Phra Kiet,Chaloem Phra Kiet,Collecting,Collecting,TH-P29,30,นครราชสีมา,Nakhon Ratchasima,3032,TH-P29-D32,เฉลิมพระเกียรติ,Chaloem Phra Kiat,chaloem-phra-kiat,303201,TH-P29-D32-T01,ช้างทอง,t-303201,AMPHOE CHALEOM PHRA KIAT,TAMBON CHANG THONG,TAMBON CHANG THONG,False,MATCHED,EXACT_NORMALIZED_EN,
NR-RESEARCH-AREA-073,73,Chaloem Phra Kiet / Tha Chang / ID 73,Tha Chang,Chaloem Phra Kiet,Chaloem Phra Kiet,Collecting,Collecting,TH-P29,30,นครราชสีมา,Nakhon Ratchasima,3032,TH-P29-D32,เฉลิมพระเกียรติ,Chaloem Phra Kiat,chaloem-phra-kiat,303202,TH-P29-D32-T02,ท่าช้าง,t-303202,AMPHOE CHALEOM PHRA KIAT,TAMBON THA CHANG,TAMBON THA CHANG,False,MATCHED,EXACT_NORMALIZED_EN,
NR-RESEARCH-AREA-074,74,Chaloem Phra Kiet / Phraphut / ID 74,Phraphut,Chaloem Phra Kiet,Chaloem Phra Kiet,Collecting,Collecting,TH-P29,30,นครราชสีมา,Nakhon Ratchasima,3032,TH-P29-D32,เฉลิมพระเกียรติ,Chaloem Phra Kiat,chaloem-phra-kiat,303203,TH-P29-D32-T03,พระพุทธ,t-303203,AMPHOE CHALEOM PHRA KIAT,TAMBON PHRAPHUT,TAMBON PHRAPHUT,False,MATCHED,EXACT_NORMALIZED_EN,
NR-RESEARCH-AREA-075,75,Chaloem Phra Kiet / Nong Ngu Lueam / ID 75,Nong Ngu Lueam,Chaloem Phra Kiet,Chaloem Phra Kiet,Collecting,Collecting,TH-P29,30,นครราชสีมา,Nakhon Ratchasima,3032,TH-P29-D32,เฉลิมพระเกียรติ,Chaloem Phra Kiat,chaloem-phra-kiat,303204,TH-P29-D32-T04,หนองงูเหลือม,t-303204,AMPHOE CHALEOM PHRA KIAT,TAMBON NONG NGU LUEAM,TAMBON NONG NGU LUEAM,False,MATCHED,EXACT_NORMALIZED_EN,
NR-RESEARCH-AREA-076,76,Chaloem Phra Kiet / Nong Yang / ID 76,Nong Yang,Chaloem Phra Kiet,Chaloem Phra Kiet,RainFed,RainFed,TH-P29,30,นครราชสีมา,Nakhon Ratchasima,3032,TH-P29-D32,เฉลิมพระเกียรติ,Chaloem Phra Kiat,chaloem-phra-kiat,303205,TH-P29-D32-T05,หนองยาง,t-303205,AMPHOE CHALEOM PHRA KIAT,TAMBON NONG YANG,TAMBON NONG YANG,False,MATCHED,EXACT_NORMALIZED_EN,
