"ปีต้นทาง (ค.ศ.)","เดือนต้นทาง (1–12)","รหัสพื้นที่ต้นฉบับ","ชื่อตำบล","ชื่ออำเภอ","สถานะชลประทาน","ความเสี่ยงล่วงหน้า 1 เดือน","ความเสี่ยงล่วงหน้า 2 เดือน","ความเสี่ยงล่วงหน้า 3 เดือน","ความเสี่ยงล่วงหน้า 4 เดือน","ความเสี่ยงล่วงหน้า 5 เดือน","ความเสี่ยงล่วงหน้า 6 เดือน"
"","","0","ในเมือง","เมืองนครราชสีมา","ยังไม่ทราบ","ยังไม่กรอก","ยังไม่กรอก","ยังไม่กรอก","ยังไม่กรอก","ยังไม่กรอก","ยังไม่กรอก"
"","","1","โพธิ์กลาง","เมืองนครราชสีมา","ยังไม่ทราบ","ยังไม่กรอก","ยังไม่กรอก","ยังไม่กรอก","ยังไม่กรอก","ยังไม่กรอก","ยังไม่กรอก"
"","","2","หนองจะบก","เมืองนครราชสีมา","ยังไม่ทราบ","ยังไม่กรอก","ยังไม่กรอก","ยังไม่กรอก","ยังไม่กรอก","ยังไม่กรอก","ยังไม่กรอก"
"","","3","โคกสูง","เมืองนครราชสีมา","ยังไม่ทราบ","ยังไม่กรอก","ยังไม่กรอก","ยังไม่กรอก","ยังไม่กรอก","ยังไม่กรอก","ยังไม่กรอก"
"","","4","มะเริง","เมืองนครราชสีมา","ยังไม่ทราบ","ยังไม่กรอก","ยังไม่กรอก","ยังไม่กรอก","ยังไม่กรอก","ยังไม่กรอก","ยังไม่กรอก"
"","","5","หนองระเวียง","เมืองนครราชสีมา","ยังไม่ทราบ","ยังไม่กรอก","ยังไม่กรอก","ยังไม่กรอก","ยังไม่กรอก","ยังไม่กรอก","ยังไม่กรอก"
"","","6","ปรุใหญ่","เมืองนครราชสีมา","ยังไม่ทราบ","ยังไม่กรอก","ยังไม่กรอก","ยังไม่กรอก","ยังไม่กรอก","ยังไม่กรอก","ยังไม่กรอก"
"","","7","หมื่นไวย","เมืองนครราชสีมา","ยังไม่ทราบ","ยังไม่กรอก","ยังไม่กรอก","ยังไม่กรอก","ยังไม่กรอก","ยังไม่กรอก","ยังไม่กรอก"
"","","8","พลกรัง","เมืองนครราชสีมา","ยังไม่ทราบ","ยังไม่กรอก","ยังไม่กรอก","ยังไม่กรอก","ยังไม่กรอก","ยังไม่กรอก","ยังไม่กรอก"
"","","9","หนองไผ่ล้อม","เมืองนครราชสีมา","ยังไม่ทราบ","ยังไม่กรอก","ยังไม่กรอก","ยังไม่กรอก","ยังไม่กรอก","ยังไม่กรอก","ยังไม่กรอก"
"","","10","หัวทะเล","เมืองนครราชสีมา","ยังไม่ทราบ","ยังไม่กรอก","ยังไม่กรอก","ยังไม่กรอก","ยังไม่กรอก","ยังไม่กรอก","ยังไม่กรอก"
"","","11","บ้านเกาะ","เมืองนครราชสีมา","ยังไม่ทราบ","ยังไม่กรอก","ยังไม่กรอก","ยังไม่กรอก","ยังไม่กรอก","ยังไม่กรอก","ยังไม่กรอก"
"","","12","บ้านใหม่","เมืองนครราชสีมา","ยังไม่ทราบ","ยังไม่กรอก","ยังไม่กรอก","ยังไม่กรอก","ยังไม่กรอก","ยังไม่กรอก","ยังไม่กรอก"
"","","13","พุดซา","เมืองนครราชสีมา","ยังไม่ทราบ","ยังไม่กรอก","ยังไม่กรอก","ยังไม่กรอก","ยังไม่กรอก","ยังไม่กรอก","ยังไม่กรอก"
"","","14","บ้านโพธิ์","เมืองนครราชสีมา","มีชลประทาน","ยังไม่กรอก","ยังไม่กรอก","ยังไม่กรอก","ยังไม่กรอก","ยังไม่กรอก","ยังไม่กรอก"
"","","15","จอหอ","เมืองนครราชสีมา","มีชลประทาน","ยังไม่กรอก","ยังไม่กรอก","ยังไม่กรอก","ยังไม่กรอก","ยังไม่กรอก","ยังไม่กรอก"
"","","16","โคกกรวด","เมืองนครราชสีมา","อาศัยน้ำฝน","ยังไม่กรอก","ยังไม่กรอก","ยังไม่กรอก","ยังไม่กรอก","ยังไม่กรอก","ยังไม่กรอก"
"","","17","ไชยมงคล","เมืองนครราชสีมา","อาศัยน้ำฝน","ยังไม่กรอก","ยังไม่กรอก","ยังไม่กรอก","ยังไม่กรอก","ยังไม่กรอก","ยังไม่กรอก"
"","","18","หนองบัวศาลา","เมืองนครราชสีมา","ยังไม่ทราบ","ยังไม่กรอก","ยังไม่กรอก","ยังไม่กรอก","ยังไม่กรอก","ยังไม่กรอก","ยังไม่กรอก"
"","","19","สุรนารี","เมืองนครราชสีมา","อาศัยน้ำฝน","ยังไม่กรอก","ยังไม่กรอก","ยังไม่กรอก","ยังไม่กรอก","ยังไม่กรอก","ยังไม่กรอก"
"","","20","สีมุม","เมืองนครราชสีมา","ยังไม่ทราบ","ยังไม่กรอก","ยังไม่กรอก","ยังไม่กรอก","ยังไม่กรอก","ยังไม่กรอก","ยังไม่กรอก"
"","","21","ตลาด","เมืองนครราชสีมา","ยังไม่ทราบ","ยังไม่กรอก","ยังไม่กรอก","ยังไม่กรอก","ยังไม่กรอก","ยังไม่กรอก","ยังไม่กรอก"
"","","22","พะเนา","เมืองนครราชสีมา","มีชลประทาน","ยังไม่กรอก","ยังไม่กรอก","ยังไม่กรอก","ยังไม่กรอก","ยังไม่กรอก","ยังไม่กรอก"
"","","23","หนองกระทุ่ม","เมืองนครราชสีมา","มีชลประทาน","ยังไม่กรอก","ยังไม่กรอก","ยังไม่กรอก","ยังไม่กรอก","ยังไม่กรอก","ยังไม่กรอก"
"","","24","หนองไข่น้ำ","เมืองนครราชสีมา","ยังไม่ทราบ","ยังไม่กรอก","ยังไม่กรอก","ยังไม่กรอก","ยังไม่กรอก","ยังไม่กรอก","ยังไม่กรอก"
"","","25","แก้งสนามนาง","แก้งสนามนาง","อาศัยน้ำฝน","ยังไม่กรอก","ยังไม่กรอก","ยังไม่กรอก","ยังไม่กรอก","ยังไม่กรอก","ยังไม่กรอก"
"","","26","โนนสำราญ","แก้งสนามนาง","ยังไม่ทราบ","ยังไม่กรอก","ยังไม่กรอก","ยังไม่กรอก","ยังไม่กรอก","ยังไม่กรอก","ยังไม่กรอก"
"","","27","บึงพะไล","แก้งสนามนาง","อาศัยน้ำฝน","ยังไม่กรอก","ยังไม่กรอก","ยังไม่กรอก","ยังไม่กรอก","ยังไม่กรอก","ยังไม่กรอก"
"","","28","สีสุก","แก้งสนามนาง","ยังไม่ทราบ","ยังไม่กรอก","ยังไม่กรอก","ยังไม่กรอก","ยังไม่กรอก","ยังไม่กรอก","ยังไม่กรอก"
"","","29","บึงสำโรง","แก้งสนามนาง","ยังไม่ทราบ","ยังไม่กรอก","ยังไม่กรอก","ยังไม่กรอก","ยังไม่กรอก","ยังไม่กรอก","ยังไม่กรอก"
"","","30","ขามทะเลสอ","ขามทะเลสอ","อาศัยน้ำฝน","ยังไม่กรอก","ยังไม่กรอก","ยังไม่กรอก","ยังไม่กรอก","ยังไม่กรอก","ยังไม่กรอก"
"","","31","โป่งแดง","ขามทะเลสอ","อาศัยน้ำฝน","ยังไม่กรอก","ยังไม่กรอก","ยังไม่กรอก","ยังไม่กรอก","ยังไม่กรอก","ยังไม่กรอก"
"","","32","พันดุง","ขามทะเลสอ","ยังไม่ทราบ","ยังไม่กรอก","ยังไม่กรอก","ยังไม่กรอก","ยังไม่กรอก","ยังไม่กรอก","ยังไม่กรอก"
"","","33","หนองสรวง","ขามทะเลสอ","ยังไม่ทราบ","ยังไม่กรอก","ยังไม่กรอก","ยังไม่กรอก","ยังไม่กรอก","ยังไม่กรอก","ยังไม่กรอก"
"","","34","บึงอ้อ","ขามทะเลสอ","อาศัยน้ำฝน","ยังไม่กรอก","ยังไม่กรอก","ยังไม่กรอก","ยังไม่กรอก","ยังไม่กรอก","ยังไม่กรอก"
"","","35","ขามสะแกแสง","ขามสะแกแสง","อาศัยน้ำฝน","ยังไม่กรอก","ยังไม่กรอก","ยังไม่กรอก","ยังไม่กรอก","ยังไม่กรอก","ยังไม่กรอก"
"","","36","โนนเมือง","ขามสะแกแสง","ยังไม่ทราบ","ยังไม่กรอก","ยังไม่กรอก","ยังไม่กรอก","ยังไม่กรอก","ยังไม่กรอก","ยังไม่กรอก"
"","","37","เมืองนาท","ขามสะแกแสง","อาศัยน้ำฝน","ยังไม่กรอก","ยังไม่กรอก","ยังไม่กรอก","ยังไม่กรอก","ยังไม่กรอก","ยังไม่กรอก"
"","","38","ชีวึก","ขามสะแกแสง","ยังไม่ทราบ","ยังไม่กรอก","ยังไม่กรอก","ยังไม่กรอก","ยังไม่กรอก","ยังไม่กรอก","ยังไม่กรอก"
"","","39","พะงาด","ขามสะแกแสง","อาศัยน้ำฝน","ยังไม่กรอก","ยังไม่กรอก","ยังไม่กรอก","ยังไม่กรอก","ยังไม่กรอก","ยังไม่กรอก"
"","","40","หนองหัวฟาน","ขามสะแกแสง","อาศัยน้ำฝน","ยังไม่กรอก","ยังไม่กรอก","ยังไม่กรอก","ยังไม่กรอก","ยังไม่กรอก","ยังไม่กรอก"
"","","41","เมืองเกษตร","ขามสะแกแสง","ยังไม่ทราบ","ยังไม่กรอก","ยังไม่กรอก","ยังไม่กรอก","ยังไม่กรอก","ยังไม่กรอก","ยังไม่กรอก"
"","","42","เมืองคง","คง","อาศัยน้ำฝน","ยังไม่กรอก","ยังไม่กรอก","ยังไม่กรอก","ยังไม่กรอก","ยังไม่กรอก","ยังไม่กรอก"
"","","43","คูขาด","คง","อาศัยน้ำฝน","ยังไม่กรอก","ยังไม่กรอก","ยังไม่กรอก","ยังไม่กรอก","ยังไม่กรอก","ยังไม่กรอก"
"","","44","เทพาลัย","คง","ยังไม่ทราบ","ยังไม่กรอก","ยังไม่กรอก","ยังไม่กรอก","ยังไม่กรอก","ยังไม่กรอก","ยังไม่กรอก"
"","","45","ตาจั่น","คง","อาศัยน้ำฝน","ยังไม่กรอก","ยังไม่กรอก","ยังไม่กรอก","ยังไม่กรอก","ยังไม่กรอก","ยังไม่กรอก"
"","","46","บ้านปรางค์","คง","ยังไม่ทราบ","ยังไม่กรอก","ยังไม่กรอก","ยังไม่กรอก","ยังไม่กรอก","ยังไม่กรอก","ยังไม่กรอก"
"","","47","หนองมะนาว","คง","ยังไม่ทราบ","ยังไม่กรอก","ยังไม่กรอก","ยังไม่กรอก","ยังไม่กรอก","ยังไม่กรอก","ยังไม่กรอก"
"","","48","หนองบัว","คง","ยังไม่ทราบ","ยังไม่กรอก","ยังไม่กรอก","ยังไม่กรอก","ยังไม่กรอก","ยังไม่กรอก","ยังไม่กรอก"
"","","49","โนนเต็ง","คง","ยังไม่ทราบ","ยังไม่กรอก","ยังไม่กรอก","ยังไม่กรอก","ยังไม่กรอก","ยังไม่กรอก","ยังไม่กรอก"
"","","50","ดอนใหญ่","คง","ยังไม่ทราบ","ยังไม่กรอก","ยังไม่กรอก","ยังไม่กรอก","ยังไม่กรอก","ยังไม่กรอก","ยังไม่กรอก"
"","","51","ขามสมบูรณ์","คง","อาศัยน้ำฝน","ยังไม่กรอก","ยังไม่กรอก","ยังไม่กรอก","ยังไม่กรอก","ยังไม่กรอก","ยังไม่กรอก"
"","","52","แชะ","ครบุรี","ยังไม่ทราบ","ยังไม่กรอก","ยังไม่กรอก","ยังไม่กรอก","ยังไม่กรอก","ยังไม่กรอก","ยังไม่กรอก"
"","","53","เฉลียง","ครบุรี","อาศัยน้ำฝน","ยังไม่กรอก","ยังไม่กรอก","ยังไม่กรอก","ยังไม่กรอก","ยังไม่กรอก","ยังไม่กรอก"
"","","54","ครบุรี","ครบุรี","อาศัยน้ำฝน","ยังไม่กรอก","ยังไม่กรอก","ยังไม่กรอก","ยังไม่กรอก","ยังไม่กรอก","ยังไม่กรอก"
"","","55","โคกกระชาย","ครบุรี","อาศัยน้ำฝน","ยังไม่กรอก","ยังไม่กรอก","ยังไม่กรอก","ยังไม่กรอก","ยังไม่กรอก","ยังไม่กรอก"
"","","56","จระเข้หิน","ครบุรี","อาศัยน้ำฝน","ยังไม่กรอก","ยังไม่กรอก","ยังไม่กรอก","ยังไม่กรอก","ยังไม่กรอก","ยังไม่กรอก"
"","","57","มาบตะโกเอน","ครบุรี","ยังไม่ทราบ","ยังไม่กรอก","ยังไม่กรอก","ยังไม่กรอก","ยังไม่กรอก","ยังไม่กรอก","ยังไม่กรอก"
"","","58","อรพิมพ์","ครบุรี","ยังไม่ทราบ","ยังไม่กรอก","ยังไม่กรอก","ยังไม่กรอก","ยังไม่กรอก","ยังไม่กรอก","ยังไม่กรอก"
"","","59","บ้านใหม่","ครบุรี","ยังไม่ทราบ","ยังไม่กรอก","ยังไม่กรอก","ยังไม่กรอก","ยังไม่กรอก","ยังไม่กรอก","ยังไม่กรอก"
"","","60","ลำเพียก","ครบุรี","ยังไม่ทราบ","ยังไม่กรอก","ยังไม่กรอก","ยังไม่กรอก","ยังไม่กรอก","ยังไม่กรอก","ยังไม่กรอก"
"","","61","ครบุรีใต้","ครบุรี","ยังไม่ทราบ","ยังไม่กรอก","ยังไม่กรอก","ยังไม่กรอก","ยังไม่กรอก","ยังไม่กรอก","ยังไม่กรอก"
"","","62","ตะแบกบาน","ครบุรี","ยังไม่ทราบ","ยังไม่กรอก","ยังไม่กรอก","ยังไม่กรอก","ยังไม่กรอก","ยังไม่กรอก","ยังไม่กรอก"
"","","63","สระว่านพระยา","ครบุรี","ยังไม่ทราบ","ยังไม่กรอก","ยังไม่กรอก","ยังไม่กรอก","ยังไม่กรอก","ยังไม่กรอก","ยังไม่กรอก"
"","","64","จักราช","จักราช","อาศัยน้ำฝน","ยังไม่กรอก","ยังไม่กรอก","ยังไม่กรอก","ยังไม่กรอก","ยังไม่กรอก","ยังไม่กรอก"
"","","65","ทองหลาง","จักราช","ยังไม่ทราบ","ยังไม่กรอก","ยังไม่กรอก","ยังไม่กรอก","ยังไม่กรอก","ยังไม่กรอก","ยังไม่กรอก"
"","","66","สีสุก","จักราช","อาศัยน้ำฝน","ยังไม่กรอก","ยังไม่กรอก","ยังไม่กรอก","ยังไม่กรอก","ยังไม่กรอก","ยังไม่กรอก"
"","","67","หนองขาม","จักราช","อาศัยน้ำฝน","ยังไม่กรอก","ยังไม่กรอก","ยังไม่กรอก","ยังไม่กรอก","ยังไม่กรอก","ยังไม่กรอก"
"","","68","หนองพลวง","จักราช","ยังไม่ทราบ","ยังไม่กรอก","ยังไม่กรอก","ยังไม่กรอก","ยังไม่กรอก","ยังไม่กรอก","ยังไม่กรอก"
"","","69","ศรีละกอ","จักราช","ยังไม่ทราบ","ยังไม่กรอก","ยังไม่กรอก","ยังไม่กรอก","ยังไม่กรอก","ยังไม่กรอก","ยังไม่กรอก"
"","","70","คลองเมือง","จักราช","อาศัยน้ำฝน","ยังไม่กรอก","ยังไม่กรอก","ยังไม่กรอก","ยังไม่กรอก","ยังไม่กรอก","ยังไม่กรอก"
"","","71","หินโคน","จักราช","ยังไม่ทราบ","ยังไม่กรอก","ยังไม่กรอก","ยังไม่กรอก","ยังไม่กรอก","ยังไม่กรอก","ยังไม่กรอก"
"","","72","ช้างทอง","เฉลิมพระเกียรติ","มีชลประทาน","ยังไม่กรอก","ยังไม่กรอก","ยังไม่กรอก","ยังไม่กรอก","ยังไม่กรอก","ยังไม่กรอก"
"","","73","ท่าช้าง","เฉลิมพระเกียรติ","มีชลประทาน","ยังไม่กรอก","ยังไม่กรอก","ยังไม่กรอก","ยังไม่กรอก","ยังไม่กรอก","ยังไม่กรอก"
"","","74","พระพุทธ","เฉลิมพระเกียรติ","มีชลประทาน","ยังไม่กรอก","ยังไม่กรอก","ยังไม่กรอก","ยังไม่กรอก","ยังไม่กรอก","ยังไม่กรอก"
"","","75","หนองงูเหลือม","เฉลิมพระเกียรติ","ยังไม่ทราบ","ยังไม่กรอก","ยังไม่กรอก","ยังไม่กรอก","ยังไม่กรอก","ยังไม่กรอก","ยังไม่กรอก"
"","","76","หนองยาง","เฉลิมพระเกียรติ","ยังไม่ทราบ","ยังไม่กรอก","ยังไม่กรอก","ยังไม่กรอก","ยังไม่กรอก","ยังไม่กรอก","ยังไม่กรอก"
"","","77","ชุมพวง","ชุมพวง","อาศัยน้ำฝน","ยังไม่กรอก","ยังไม่กรอก","ยังไม่กรอก","ยังไม่กรอก","ยังไม่กรอก","ยังไม่กรอก"
"","","78","ประสุข","ชุมพวง","อาศัยน้ำฝน","ยังไม่กรอก","ยังไม่กรอก","ยังไม่กรอก","ยังไม่กรอก","ยังไม่กรอก","ยังไม่กรอก"
"","","79","ท่าลาด","ชุมพวง","อาศัยน้ำฝน","ยังไม่กรอก","ยังไม่กรอก","ยังไม่กรอก","ยังไม่กรอก","ยังไม่กรอก","ยังไม่กรอก"
"","","80","สาหร่าย","ชุมพวง","อาศัยน้ำฝน","ยังไม่กรอก","ยังไม่กรอก","ยังไม่กรอก","ยังไม่กรอก","ยังไม่กรอก","ยังไม่กรอก"
"","","81","ตลาดไทร","ชุมพวง","ยังไม่ทราบ","ยังไม่กรอก","ยังไม่กรอก","ยังไม่กรอก","ยังไม่กรอก","ยังไม่กรอก","ยังไม่กรอก"
"","","82","โนนรัง","ชุมพวง","ยังไม่ทราบ","ยังไม่กรอก","ยังไม่กรอก","ยังไม่กรอก","ยังไม่กรอก","ยังไม่กรอก","ยังไม่กรอก"
"","","83","หนองหลัก","ชุมพวง","ยังไม่ทราบ","ยังไม่กรอก","ยังไม่กรอก","ยังไม่กรอก","ยังไม่กรอก","ยังไม่กรอก","ยังไม่กรอก"
"","","84","โนนตูม","ชุมพวง","ยังไม่ทราบ","ยังไม่กรอก","ยังไม่กรอก","ยังไม่กรอก","ยังไม่กรอก","ยังไม่กรอก","ยังไม่กรอก"
"","","85","โนนยอ","ชุมพวง","ยังไม่ทราบ","ยังไม่กรอก","ยังไม่กรอก","ยังไม่กรอก","ยังไม่กรอก","ยังไม่กรอก","ยังไม่กรอก"
"","","86","กระโทก","โชคชัย","ยังไม่ทราบ","ยังไม่กรอก","ยังไม่กรอก","ยังไม่กรอก","ยังไม่กรอก","ยังไม่กรอก","ยังไม่กรอก"
"","","87","พลับพลา","โชคชัย","ยังไม่ทราบ","ยังไม่กรอก","ยังไม่กรอก","ยังไม่กรอก","ยังไม่กรอก","ยังไม่กรอก","ยังไม่กรอก"
"","","88","ท่าอ่าง","โชคชัย","ยังไม่ทราบ","ยังไม่กรอก","ยังไม่กรอก","ยังไม่กรอก","ยังไม่กรอก","ยังไม่กรอก","ยังไม่กรอก"
"","","89","ทุ่งอรุณ","โชคชัย","ยังไม่ทราบ","ยังไม่กรอก","ยังไม่กรอก","ยังไม่กรอก","ยังไม่กรอก","ยังไม่กรอก","ยังไม่กรอก"
"","","90","ท่าลาดขาว","โชคชัย","ยังไม่ทราบ","ยังไม่กรอก","ยังไม่กรอก","ยังไม่กรอก","ยังไม่กรอก","ยังไม่กรอก","ยังไม่กรอก"
"","","91","ท่าจะหลุง","โชคชัย","ยังไม่ทราบ","ยังไม่กรอก","ยังไม่กรอก","ยังไม่กรอก","ยังไม่กรอก","ยังไม่กรอก","ยังไม่กรอก"
"","","92","ท่าเยี่ยม","โชคชัย","ยังไม่ทราบ","ยังไม่กรอก","ยังไม่กรอก","ยังไม่กรอก","ยังไม่กรอก","ยังไม่กรอก","ยังไม่กรอก"
"","","93","โชคชัย","โชคชัย","ยังไม่ทราบ","ยังไม่กรอก","ยังไม่กรอก","ยังไม่กรอก","ยังไม่กรอก","ยังไม่กรอก","ยังไม่กรอก"
"","","94","ละลมใหม่พัฒนา","โชคชัย","ยังไม่ทราบ","ยังไม่กรอก","ยังไม่กรอก","ยังไม่กรอก","ยังไม่กรอก","ยังไม่กรอก","ยังไม่กรอก"
"","","95","ด่านเกวียน","โชคชัย","ยังไม่ทราบ","ยังไม่กรอก","ยังไม่กรอก","ยังไม่กรอก","ยังไม่กรอก","ยังไม่กรอก","ยังไม่กรอก"
"","","96","กุดพิมาน","ด่านขุนทด","ยังไม่ทราบ","ยังไม่กรอก","ยังไม่กรอก","ยังไม่กรอก","ยังไม่กรอก","ยังไม่กรอก","ยังไม่กรอก"
"","","97","ด่านขุนทด","ด่านขุนทด","อาศัยน้ำฝน","ยังไม่กรอก","ยังไม่กรอก","ยังไม่กรอก","ยังไม่กรอก","ยังไม่กรอก","ยังไม่กรอก"
"","","98","ด่านนอก","ด่านขุนทด","อาศัยน้ำฝน","ยังไม่กรอก","ยังไม่กรอก","ยังไม่กรอก","ยังไม่กรอก","ยังไม่กรอก","ยังไม่กรอก"
"","","99","ด่านใน","ด่านขุนทด","อาศัยน้ำฝน","ยังไม่กรอก","ยังไม่กรอก","ยังไม่กรอก","ยังไม่กรอก","ยังไม่กรอก","ยังไม่กรอก"
"","","100","ตะเคียน","ด่านขุนทด","ยังไม่ทราบ","ยังไม่กรอก","ยังไม่กรอก","ยังไม่กรอก","ยังไม่กรอก","ยังไม่กรอก","ยังไม่กรอก"
"","","101","บ้านเก่า","ด่านขุนทด","อาศัยน้ำฝน","ยังไม่กรอก","ยังไม่กรอก","ยังไม่กรอก","ยังไม่กรอก","ยังไม่กรอก","ยังไม่กรอก"
"","","102","บ้านแปรง","ด่านขุนทด","ยังไม่ทราบ","ยังไม่กรอก","ยังไม่กรอก","ยังไม่กรอก","ยังไม่กรอก","ยังไม่กรอก","ยังไม่กรอก"
"","","103","พันชนะ","ด่านขุนทด","ยังไม่ทราบ","ยังไม่กรอก","ยังไม่กรอก","ยังไม่กรอก","ยังไม่กรอก","ยังไม่กรอก","ยังไม่กรอก"
"","","104","สระจรเข้","ด่านขุนทด","อาศัยน้ำฝน","ยังไม่กรอก","ยังไม่กรอก","ยังไม่กรอก","ยังไม่กรอก","ยังไม่กรอก","ยังไม่กรอก"
"","","105","หนองกราด","ด่านขุนทด","ยังไม่ทราบ","ยังไม่กรอก","ยังไม่กรอก","ยังไม่กรอก","ยังไม่กรอก","ยังไม่กรอก","ยังไม่กรอก"
"","","106","หนองบัวตะเกียด","ด่านขุนทด","ยังไม่ทราบ","ยังไม่กรอก","ยังไม่กรอก","ยังไม่กรอก","ยังไม่กรอก","ยังไม่กรอก","ยังไม่กรอก"
"","","107","หนองบัวละคร","ด่านขุนทด","ยังไม่ทราบ","ยังไม่กรอก","ยังไม่กรอก","ยังไม่กรอก","ยังไม่กรอก","ยังไม่กรอก","ยังไม่กรอก"
"","","108","หินดาด","ด่านขุนทด","ยังไม่ทราบ","ยังไม่กรอก","ยังไม่กรอก","ยังไม่กรอก","ยังไม่กรอก","ยังไม่กรอก","ยังไม่กรอก"
"","","109","ห้วยบง","ด่านขุนทด","อาศัยน้ำฝน","ยังไม่กรอก","ยังไม่กรอก","ยังไม่กรอก","ยังไม่กรอก","ยังไม่กรอก","ยังไม่กรอก"
"","","110","โนนเมืองพัฒนา","ด่านขุนทด","ยังไม่ทราบ","ยังไม่กรอก","ยังไม่กรอก","ยังไม่กรอก","ยังไม่กรอก","ยังไม่กรอก","ยังไม่กรอก"
"","","111","หนองไทร","ด่านขุนทด","ยังไม่ทราบ","ยังไม่กรอก","ยังไม่กรอก","ยังไม่กรอก","ยังไม่กรอก","ยังไม่กรอก","ยังไม่กรอก"
"","","112","สำนักตะคร้อ","เทพารักษ์","อาศัยน้ำฝน","ยังไม่กรอก","ยังไม่กรอก","ยังไม่กรอก","ยังไม่กรอก","ยังไม่กรอก","ยังไม่กรอก"
"","","113","หนองแวง","เทพารักษ์","อาศัยน้ำฝน","ยังไม่กรอก","ยังไม่กรอก","ยังไม่กรอก","ยังไม่กรอก","ยังไม่กรอก","ยังไม่กรอก"
"","","114","บึงปรือ","เทพารักษ์","อาศัยน้ำฝน","ยังไม่กรอก","ยังไม่กรอก","ยังไม่กรอก","ยังไม่กรอก","ยังไม่กรอก","ยังไม่กรอก"
"","","115","วังยายทอง","เทพารักษ์","ยังไม่ทราบ","ยังไม่กรอก","ยังไม่กรอก","ยังไม่กรอก","ยังไม่กรอก","ยังไม่กรอก","ยังไม่กรอก"
"","","116","โนนแดง","โนนแดง","อาศัยน้ำฝน","ยังไม่กรอก","ยังไม่กรอก","ยังไม่กรอก","ยังไม่กรอก","ยังไม่กรอก","ยังไม่กรอก"
"","","117","โนนตาเถร","โนนแดง","ยังไม่ทราบ","ยังไม่กรอก","ยังไม่กรอก","ยังไม่กรอก","ยังไม่กรอก","ยังไม่กรอก","ยังไม่กรอก"
"","","118","สำพะเนียง","โนนแดง","อาศัยน้ำฝน","ยังไม่กรอก","ยังไม่กรอก","ยังไม่กรอก","ยังไม่กรอก","ยังไม่กรอก","ยังไม่กรอก"
"","","119","วังหิน","โนนแดง","ยังไม่ทราบ","ยังไม่กรอก","ยังไม่กรอก","ยังไม่กรอก","ยังไม่กรอก","ยังไม่กรอก","ยังไม่กรอก"
"","","120","ดอนยาวใหญ่","โนนแดง","อาศัยน้ำฝน","ยังไม่กรอก","ยังไม่กรอก","ยังไม่กรอก","ยังไม่กรอก","ยังไม่กรอก","ยังไม่กรอก"
"","","121","โนนไทย","โนนไทย","อาศัยน้ำฝน","ยังไม่กรอก","ยังไม่กรอก","ยังไม่กรอก","ยังไม่กรอก","ยังไม่กรอก","ยังไม่กรอก"
"","","122","ด่านจาก","โนนไทย","ยังไม่ทราบ","ยังไม่กรอก","ยังไม่กรอก","ยังไม่กรอก","ยังไม่กรอก","ยังไม่กรอก","ยังไม่กรอก"
"","","123","กำปัง","โนนไทย","ยังไม่ทราบ","ยังไม่กรอก","ยังไม่กรอก","ยังไม่กรอก","ยังไม่กรอก","ยังไม่กรอก","ยังไม่กรอก"
"","","124","สำโรง","โนนไทย","ยังไม่ทราบ","ยังไม่กรอก","ยังไม่กรอก","ยังไม่กรอก","ยังไม่กรอก","ยังไม่กรอก","ยังไม่กรอก"
"","","125","ค้างพลู","โนนไทย","อาศัยน้ำฝน","ยังไม่กรอก","ยังไม่กรอก","ยังไม่กรอก","ยังไม่กรอก","ยังไม่กรอก","ยังไม่กรอก"
"","","126","บ้านวัง","โนนไทย","ยังไม่ทราบ","ยังไม่กรอก","ยังไม่กรอก","ยังไม่กรอก","ยังไม่กรอก","ยังไม่กรอก","ยังไม่กรอก"
"","","127","บัลลังก์","โนนไทย","ยังไม่ทราบ","ยังไม่กรอก","ยังไม่กรอก","ยังไม่กรอก","ยังไม่กรอก","ยังไม่กรอก","ยังไม่กรอก"
"","","128","สายออ","โนนไทย","อาศัยน้ำฝน","ยังไม่กรอก","ยังไม่กรอก","ยังไม่กรอก","ยังไม่กรอก","ยังไม่กรอก","ยังไม่กรอก"
"","","129","ถนนโพธิ์","โนนไทย","ยังไม่ทราบ","ยังไม่กรอก","ยังไม่กรอก","ยังไม่กรอก","ยังไม่กรอก","ยังไม่กรอก","ยังไม่กรอก"
"","","130","มะค่า","โนนไทย","ยังไม่ทราบ","ยังไม่กรอก","ยังไม่กรอก","ยังไม่กรอก","ยังไม่กรอก","ยังไม่กรอก","ยังไม่กรอก"
"","","131","โนนสูง","โนนสูง","ยังไม่ทราบ","ยังไม่กรอก","ยังไม่กรอก","ยังไม่กรอก","ยังไม่กรอก","ยังไม่กรอก","ยังไม่กรอก"
"","","132","ใหม่","โนนสูง","ยังไม่ทราบ","ยังไม่กรอก","ยังไม่กรอก","ยังไม่กรอก","ยังไม่กรอก","ยังไม่กรอก","ยังไม่กรอก"
"","","133","โตนด","โนนสูง","ยังไม่ทราบ","ยังไม่กรอก","ยังไม่กรอก","ยังไม่กรอก","ยังไม่กรอก","ยังไม่กรอก","ยังไม่กรอก"
"","","134","บิง","โนนสูง","ยังไม่ทราบ","ยังไม่กรอก","ยังไม่กรอก","ยังไม่กรอก","ยังไม่กรอก","ยังไม่กรอก","ยังไม่กรอก"
"","","135","ดอนชมพู","โนนสูง","ยังไม่ทราบ","ยังไม่กรอก","ยังไม่กรอก","ยังไม่กรอก","ยังไม่กรอก","ยังไม่กรอก","ยังไม่กรอก"
"","","136","ธารปราสาท","โนนสูง","ยังไม่ทราบ","ยังไม่กรอก","ยังไม่กรอก","ยังไม่กรอก","ยังไม่กรอก","ยังไม่กรอก","ยังไม่กรอก"
"","","137","หลุมข้าว","โนนสูง","อาศัยน้ำฝน","ยังไม่กรอก","ยังไม่กรอก","ยังไม่กรอก","ยังไม่กรอก","ยังไม่กรอก","ยังไม่กรอก"
"","","138","มะค่า","โนนสูง","อาศัยน้ำฝน","ยังไม่กรอก","ยังไม่กรอก","ยังไม่กรอก","ยังไม่กรอก","ยังไม่กรอก","ยังไม่กรอก"
"","","139","พลสงคราม","โนนสูง","อาศัยน้ำฝน","ยังไม่กรอก","ยังไม่กรอก","ยังไม่กรอก","ยังไม่กรอก","ยังไม่กรอก","ยังไม่กรอก"
"","","140","จันอัด","โนนสูง","ยังไม่ทราบ","ยังไม่กรอก","ยังไม่กรอก","ยังไม่กรอก","ยังไม่กรอก","ยังไม่กรอก","ยังไม่กรอก"
"","","141","ขามเฒ่า","โนนสูง","อาศัยน้ำฝน","ยังไม่กรอก","ยังไม่กรอก","ยังไม่กรอก","ยังไม่กรอก","ยังไม่กรอก","ยังไม่กรอก"
"","","142","ด่านคล้า","โนนสูง","อาศัยน้ำฝน","ยังไม่กรอก","ยังไม่กรอก","ยังไม่กรอก","ยังไม่กรอก","ยังไม่กรอก","ยังไม่กรอก"
"","","143","ลำคอหงษ์","โนนสูง","ยังไม่ทราบ","ยังไม่กรอก","ยังไม่กรอก","ยังไม่กรอก","ยังไม่กรอก","ยังไม่กรอก","ยังไม่กรอก"
"","","144","เมืองปราสาท","โนนสูง","ยังไม่ทราบ","ยังไม่กรอก","ยังไม่กรอก","ยังไม่กรอก","ยังไม่กรอก","ยังไม่กรอก","ยังไม่กรอก"
"","","145","ดอนหวาย","โนนสูง","ยังไม่ทราบ","ยังไม่กรอก","ยังไม่กรอก","ยังไม่กรอก","ยังไม่กรอก","ยังไม่กรอก","ยังไม่กรอก"
"","","146","ลำมูล","โนนสูง","ยังไม่ทราบ","ยังไม่กรอก","ยังไม่กรอก","ยังไม่กรอก","ยังไม่กรอก","ยังไม่กรอก","ยังไม่กรอก"
"","","147","เมืองพะไล","บัวลาย","อาศัยน้ำฝน","ยังไม่กรอก","ยังไม่กรอก","ยังไม่กรอก","ยังไม่กรอก","ยังไม่กรอก","ยังไม่กรอก"
"","","148","โนนจาน","บัวลาย","ยังไม่ทราบ","ยังไม่กรอก","ยังไม่กรอก","ยังไม่กรอก","ยังไม่กรอก","ยังไม่กรอก","ยังไม่กรอก"
"","","149","บัวลาย","บัวลาย","อาศัยน้ำฝน","ยังไม่กรอก","ยังไม่กรอก","ยังไม่กรอก","ยังไม่กรอก","ยังไม่กรอก","ยังไม่กรอก"
"","","150","หนองหว้า","บัวลาย","อาศัยน้ำฝน","ยังไม่กรอก","ยังไม่กรอก","ยังไม่กรอก","ยังไม่กรอก","ยังไม่กรอก","ยังไม่กรอก"
"","","151","บัวใหญ่","บัวใหญ่","อาศัยน้ำฝน","ยังไม่กรอก","ยังไม่กรอก","ยังไม่กรอก","ยังไม่กรอก","ยังไม่กรอก","ยังไม่กรอก"
"","","152","ห้วยยาง","บัวใหญ่","ยังไม่ทราบ","ยังไม่กรอก","ยังไม่กรอก","ยังไม่กรอก","ยังไม่กรอก","ยังไม่กรอก","ยังไม่กรอก"
"","","153","เสมาใหญ่","บัวใหญ่","ยังไม่ทราบ","ยังไม่กรอก","ยังไม่กรอก","ยังไม่กรอก","ยังไม่กรอก","ยังไม่กรอก","ยังไม่กรอก"
"","","154","ดอนตะหนิน","บัวใหญ่","ยังไม่ทราบ","ยังไม่กรอก","ยังไม่กรอก","ยังไม่กรอก","ยังไม่กรอก","ยังไม่กรอก","ยังไม่กรอก"
"","","155","หนองบัวสะอาด","บัวใหญ่","ยังไม่ทราบ","ยังไม่กรอก","ยังไม่กรอก","ยังไม่กรอก","ยังไม่กรอก","ยังไม่กรอก","ยังไม่กรอก"
"","","156","โนนทองหลาง","บัวใหญ่","ยังไม่ทราบ","ยังไม่กรอก","ยังไม่กรอก","ยังไม่กรอก","ยังไม่กรอก","ยังไม่กรอก","ยังไม่กรอก"
"","","157","กุดจอก","บัวใหญ่","อาศัยน้ำฝน","ยังไม่กรอก","ยังไม่กรอก","ยังไม่กรอก","ยังไม่กรอก","ยังไม่กรอก","ยังไม่กรอก"
"","","158","ด่านช้าง","บัวใหญ่","อาศัยน้ำฝน","ยังไม่กรอก","ยังไม่กรอก","ยังไม่กรอก","ยังไม่กรอก","ยังไม่กรอก","ยังไม่กรอก"
"","","159","ขุนทอง","บัวใหญ่","อาศัยน้ำฝน","ยังไม่กรอก","ยังไม่กรอก","ยังไม่กรอก","ยังไม่กรอก","ยังไม่กรอก","ยังไม่กรอก"
"","","160","หนองแจ้งใหญ่","บัวใหญ่","ยังไม่ทราบ","ยังไม่กรอก","ยังไม่กรอก","ยังไม่กรอก","ยังไม่กรอก","ยังไม่กรอก","ยังไม่กรอก"
"","","161","บ้านเหลื่อม","บ้านเหลื่อม","ยังไม่ทราบ","ยังไม่กรอก","ยังไม่กรอก","ยังไม่กรอก","ยังไม่กรอก","ยังไม่กรอก","ยังไม่กรอก"
"","","162","วังโพธิ์","บ้านเหลื่อม","ยังไม่ทราบ","ยังไม่กรอก","ยังไม่กรอก","ยังไม่กรอก","ยังไม่กรอก","ยังไม่กรอก","ยังไม่กรอก"
"","","163","โคกกระเบื้อง","บ้านเหลื่อม","ยังไม่ทราบ","ยังไม่กรอก","ยังไม่กรอก","ยังไม่กรอก","ยังไม่กรอก","ยังไม่กรอก","ยังไม่กรอก"
"","","164","ช่อระกา","บ้านเหลื่อม","ยังไม่ทราบ","ยังไม่กรอก","ยังไม่กรอก","ยังไม่กรอก","ยังไม่กรอก","ยังไม่กรอก","ยังไม่กรอก"
"","","165","ประทาย","ประทาย","อาศัยน้ำฝน","ยังไม่กรอก","ยังไม่กรอก","ยังไม่กรอก","ยังไม่กรอก","ยังไม่กรอก","ยังไม่กรอก"
"","","166","หนองพลวง","ประทาย","ยังไม่ทราบ","ยังไม่กรอก","ยังไม่กรอก","ยังไม่กรอก","ยังไม่กรอก","ยังไม่กรอก","ยังไม่กรอก"
"","","167","หันห้วยทราย","ประทาย","ยังไม่ทราบ","ยังไม่กรอก","ยังไม่กรอก","ยังไม่กรอก","ยังไม่กรอก","ยังไม่กรอก","ยังไม่กรอก"
"","","168","วังไม้แดง","ประทาย","ยังไม่ทราบ","ยังไม่กรอก","ยังไม่กรอก","ยังไม่กรอก","ยังไม่กรอก","ยังไม่กรอก","ยังไม่กรอก"
"","","169","โนนเพ็ด","ประทาย","ยังไม่ทราบ","ยังไม่กรอก","ยังไม่กรอก","ยังไม่กรอก","ยังไม่กรอก","ยังไม่กรอก","ยังไม่กรอก"
"","","170","กระทุ่มราย","ประทาย","อาศัยน้ำฝน","ยังไม่กรอก","ยังไม่กรอก","ยังไม่กรอก","ยังไม่กรอก","ยังไม่กรอก","ยังไม่กรอก"
"","","171","นางรำ","ประทาย","ยังไม่ทราบ","ยังไม่กรอก","ยังไม่กรอก","ยังไม่กรอก","ยังไม่กรอก","ยังไม่กรอก","ยังไม่กรอก"
"","","172","หนองค่าย","ประทาย","ยังไม่ทราบ","ยังไม่กรอก","ยังไม่กรอก","ยังไม่กรอก","ยังไม่กรอก","ยังไม่กรอก","ยังไม่กรอก"
"","","173","ตลาดไทร","ประทาย","ยังไม่ทราบ","ยังไม่กรอก","ยังไม่กรอก","ยังไม่กรอก","ยังไม่กรอก","ยังไม่กรอก","ยังไม่กรอก"
"","","174","ดอนมัน","ประทาย","อาศัยน้ำฝน","ยังไม่กรอก","ยังไม่กรอก","ยังไม่กรอก","ยังไม่กรอก","ยังไม่กรอก","ยังไม่กรอก"
"","","175","ทุ่งสว่าง","ประทาย","ยังไม่ทราบ","ยังไม่กรอก","ยังไม่กรอก","ยังไม่กรอก","ยังไม่กรอก","ยังไม่กรอก","ยังไม่กรอก"
"","","176","โคกกลาง","ประทาย","อาศัยน้ำฝน","ยังไม่กรอก","ยังไม่กรอก","ยังไม่กรอก","ยังไม่กรอก","ยังไม่กรอก","ยังไม่กรอก"
"","","177","เมืองโดน","ประทาย","ยังไม่ทราบ","ยังไม่กรอก","ยังไม่กรอก","ยังไม่กรอก","ยังไม่กรอก","ยังไม่กรอก","ยังไม่กรอก"
"","","178","เมืองปัก","ปักธงชัย","มีชลประทาน","ยังไม่กรอก","ยังไม่กรอก","ยังไม่กรอก","ยังไม่กรอก","ยังไม่กรอก","ยังไม่กรอก"
"","","179","ตะคุ","ปักธงชัย","ยังไม่ทราบ","ยังไม่กรอก","ยังไม่กรอก","ยังไม่กรอก","ยังไม่กรอก","ยังไม่กรอก","ยังไม่กรอก"
"","","180","โคกไทย","ปักธงชัย","ยังไม่ทราบ","ยังไม่กรอก","ยังไม่กรอก","ยังไม่กรอก","ยังไม่กรอก","ยังไม่กรอก","ยังไม่กรอก"
"","","181","สำโรง","ปักธงชัย","ยังไม่ทราบ","ยังไม่กรอก","ยังไม่กรอก","ยังไม่กรอก","ยังไม่กรอก","ยังไม่กรอก","ยังไม่กรอก"
"","","182","ตะขบ","ปักธงชัย","ยังไม่ทราบ","ยังไม่กรอก","ยังไม่กรอก","ยังไม่กรอก","ยังไม่กรอก","ยังไม่กรอก","ยังไม่กรอก"
"","","183","นกออก","ปักธงชัย","มีชลประทาน","ยังไม่กรอก","ยังไม่กรอก","ยังไม่กรอก","ยังไม่กรอก","ยังไม่กรอก","ยังไม่กรอก"
"","","184","ดอน","ปักธงชัย","มีชลประทาน","ยังไม่กรอก","ยังไม่กรอก","ยังไม่กรอก","ยังไม่กรอก","ยังไม่กรอก","ยังไม่กรอก"
"","","185","ตูม","ปักธงชัย","ยังไม่ทราบ","ยังไม่กรอก","ยังไม่กรอก","ยังไม่กรอก","ยังไม่กรอก","ยังไม่กรอก","ยังไม่กรอก"
"","","186","งิ้ว","ปักธงชัย","มีชลประทาน","ยังไม่กรอก","ยังไม่กรอก","ยังไม่กรอก","ยังไม่กรอก","ยังไม่กรอก","ยังไม่กรอก"
"","","187","สะแกราช","ปักธงชัย","ยังไม่ทราบ","ยังไม่กรอก","ยังไม่กรอก","ยังไม่กรอก","ยังไม่กรอก","ยังไม่กรอก","ยังไม่กรอก"
"","","188","ลำนางแก้ว","ปักธงชัย","ยังไม่ทราบ","ยังไม่กรอก","ยังไม่กรอก","ยังไม่กรอก","ยังไม่กรอก","ยังไม่กรอก","ยังไม่กรอก"
"","","189","ภูหลวง","ปักธงชัย","อาศัยน้ำฝน","ยังไม่กรอก","ยังไม่กรอก","ยังไม่กรอก","ยังไม่กรอก","ยังไม่กรอก","ยังไม่กรอก"
"","","190","ธงชัยเหนือ","ปักธงชัย","อาศัยน้ำฝน","ยังไม่กรอก","ยังไม่กรอก","ยังไม่กรอก","ยังไม่กรอก","ยังไม่กรอก","ยังไม่กรอก"
"","","191","สุขเกษม","ปักธงชัย","ยังไม่ทราบ","ยังไม่กรอก","ยังไม่กรอก","ยังไม่กรอก","ยังไม่กรอก","ยังไม่กรอก","ยังไม่กรอก"
"","","192","เกษมทรัพย์","ปักธงชัย","ยังไม่ทราบ","ยังไม่กรอก","ยังไม่กรอก","ยังไม่กรอก","ยังไม่กรอก","ยังไม่กรอก","ยังไม่กรอก"
"","","193","บ่อปลาทอง","ปักธงชัย","อาศัยน้ำฝน","ยังไม่กรอก","ยังไม่กรอก","ยังไม่กรอก","ยังไม่กรอก","ยังไม่กรอก","ยังไม่กรอก"
"","","194","ปากช่อง","ปากช่อง","ยังไม่ทราบ","ยังไม่กรอก","ยังไม่กรอก","ยังไม่กรอก","ยังไม่กรอก","ยังไม่กรอก","ยังไม่กรอก"
"","","195","กลางดง","ปากช่อง","ยังไม่ทราบ","ยังไม่กรอก","ยังไม่กรอก","ยังไม่กรอก","ยังไม่กรอก","ยังไม่กรอก","ยังไม่กรอก"
"","","196","จันทึก","ปากช่อง","อาศัยน้ำฝน","ยังไม่กรอก","ยังไม่กรอก","ยังไม่กรอก","ยังไม่กรอก","ยังไม่กรอก","ยังไม่กรอก"
"","","197","วังกะทะ","ปากช่อง","อาศัยน้ำฝน","ยังไม่กรอก","ยังไม่กรอก","ยังไม่กรอก","ยังไม่กรอก","ยังไม่กรอก","ยังไม่กรอก"
"","","198","หมูสี","ปากช่อง","ยังไม่ทราบ","ยังไม่กรอก","ยังไม่กรอก","ยังไม่กรอก","ยังไม่กรอก","ยังไม่กรอก","ยังไม่กรอก"
"","","199","หนองสาหร่าย","ปากช่อง","ยังไม่ทราบ","ยังไม่กรอก","ยังไม่กรอก","ยังไม่กรอก","ยังไม่กรอก","ยังไม่กรอก","ยังไม่กรอก"
"","","200","ขนงพระ","ปากช่อง","อาศัยน้ำฝน","ยังไม่กรอก","ยังไม่กรอก","ยังไม่กรอก","ยังไม่กรอก","ยังไม่กรอก","ยังไม่กรอก"
"","","201","โป่งตาลอง","ปากช่อง","ยังไม่ทราบ","ยังไม่กรอก","ยังไม่กรอก","ยังไม่กรอก","ยังไม่กรอก","ยังไม่กรอก","ยังไม่กรอก"
"","","202","คลองม่วง","ปากช่อง","ยังไม่ทราบ","ยังไม่กรอก","ยังไม่กรอก","ยังไม่กรอก","ยังไม่กรอก","ยังไม่กรอก","ยังไม่กรอก"
"","","203","หนองน้ำแดง","ปากช่อง","ยังไม่ทราบ","ยังไม่กรอก","ยังไม่กรอก","ยังไม่กรอก","ยังไม่กรอก","ยังไม่กรอก","ยังไม่กรอก"
"","","204","วังไทร","ปากช่อง","ยังไม่ทราบ","ยังไม่กรอก","ยังไม่กรอก","ยังไม่กรอก","ยังไม่กรอก","ยังไม่กรอก","ยังไม่กรอก"
"","","205","พญาเย็น","ปากช่อง","ยังไม่ทราบ","ยังไม่กรอก","ยังไม่กรอก","ยังไม่กรอก","ยังไม่กรอก","ยังไม่กรอก","ยังไม่กรอก"
"","","206","สระพระ","พระทองคำ","อาศัยน้ำฝน","ยังไม่กรอก","ยังไม่กรอก","ยังไม่กรอก","ยังไม่กรอก","ยังไม่กรอก","ยังไม่กรอก"
"","","207","มาบกราด","พระทองคำ","ยังไม่ทราบ","ยังไม่กรอก","ยังไม่กรอก","ยังไม่กรอก","ยังไม่กรอก","ยังไม่กรอก","ยังไม่กรอก"
"","","208","พังเทียม","พระทองคำ","ยังไม่ทราบ","ยังไม่กรอก","ยังไม่กรอก","ยังไม่กรอก","ยังไม่กรอก","ยังไม่กรอก","ยังไม่กรอก"
"","","209","ทัพรั้ง","พระทองคำ","อาศัยน้ำฝน","ยังไม่กรอก","ยังไม่กรอก","ยังไม่กรอก","ยังไม่กรอก","ยังไม่กรอก","ยังไม่กรอก"
"","","210","หนองหอย","พระทองคำ","อาศัยน้ำฝน","ยังไม่กรอก","ยังไม่กรอก","ยังไม่กรอก","ยังไม่กรอก","ยังไม่กรอก","ยังไม่กรอก"
"","","211","ในเมือง","พิมาย","มีชลประทาน","ยังไม่กรอก","ยังไม่กรอก","ยังไม่กรอก","ยังไม่กรอก","ยังไม่กรอก","ยังไม่กรอก"
"","","212","สัมฤทธิ์","พิมาย","มีชลประทาน","ยังไม่กรอก","ยังไม่กรอก","ยังไม่กรอก","ยังไม่กรอก","ยังไม่กรอก","ยังไม่กรอก"
"","","213","โบสถ์","พิมาย","อาศัยน้ำฝน","ยังไม่กรอก","ยังไม่กรอก","ยังไม่กรอก","ยังไม่กรอก","ยังไม่กรอก","ยังไม่กรอก"
"","","214","กระเบื้องใหญ่","พิมาย","อาศัยน้ำฝน","ยังไม่กรอก","ยังไม่กรอก","ยังไม่กรอก","ยังไม่กรอก","ยังไม่กรอก","ยังไม่กรอก"
"","","215","ท่าหลวง","พิมาย","ยังไม่ทราบ","ยังไม่กรอก","ยังไม่กรอก","ยังไม่กรอก","ยังไม่กรอก","ยังไม่กรอก","ยังไม่กรอก"
"","","216","รังกาใหญ่","พิมาย","อาศัยน้ำฝน","ยังไม่กรอก","ยังไม่กรอก","ยังไม่กรอก","ยังไม่กรอก","ยังไม่กรอก","ยังไม่กรอก"
"","","217","ชีวาน","พิมาย","ยังไม่ทราบ","ยังไม่กรอก","ยังไม่กรอก","ยังไม่กรอก","ยังไม่กรอก","ยังไม่กรอก","ยังไม่กรอก"
"","","218","นิคมสร้างตนเอง","พิมาย","ยังไม่ทราบ","ยังไม่กรอก","ยังไม่กรอก","ยังไม่กรอก","ยังไม่กรอก","ยังไม่กรอก","ยังไม่กรอก"
"","","219","กระชอน","พิมาย","ยังไม่ทราบ","ยังไม่กรอก","ยังไม่กรอก","ยังไม่กรอก","ยังไม่กรอก","ยังไม่กรอก","ยังไม่กรอก"
"","","220","ดงใหญ่","พิมาย","ยังไม่ทราบ","ยังไม่กรอก","ยังไม่กรอก","ยังไม่กรอก","ยังไม่กรอก","ยังไม่กรอก","ยังไม่กรอก"
"","","221","ธารละหลอด","พิมาย","มีชลประทาน","ยังไม่กรอก","ยังไม่กรอก","ยังไม่กรอก","ยังไม่กรอก","ยังไม่กรอก","ยังไม่กรอก"
"","","222","หนองระเวียง","พิมาย","ยังไม่ทราบ","ยังไม่กรอก","ยังไม่กรอก","ยังไม่กรอก","ยังไม่กรอก","ยังไม่กรอก","ยังไม่กรอก"
"","","223","เมืองยาง","เมืองยาง","อาศัยน้ำฝน","ยังไม่กรอก","ยังไม่กรอก","ยังไม่กรอก","ยังไม่กรอก","ยังไม่กรอก","ยังไม่กรอก"
"","","224","กระเบื้องนอก","เมืองยาง","อาศัยน้ำฝน","ยังไม่กรอก","ยังไม่กรอก","ยังไม่กรอก","ยังไม่กรอก","ยังไม่กรอก","ยังไม่กรอก"
"","","225","ละหานปลาค้าว","เมืองยาง","อาศัยน้ำฝน","ยังไม่กรอก","ยังไม่กรอก","ยังไม่กรอก","ยังไม่กรอก","ยังไม่กรอก","ยังไม่กรอก"
"","","226","โนนอุดม","เมืองยาง","ยังไม่ทราบ","ยังไม่กรอก","ยังไม่กรอก","ยังไม่กรอก","ยังไม่กรอก","ยังไม่กรอก","ยังไม่กรอก"
"","","227","ขุย","ลำทะเมนชัย","อาศัยน้ำฝน","ยังไม่กรอก","ยังไม่กรอก","ยังไม่กรอก","ยังไม่กรอก","ยังไม่กรอก","ยังไม่กรอก"
"","","228","บ้านยาง","ลำทะเมนชัย","ยังไม่ทราบ","ยังไม่กรอก","ยังไม่กรอก","ยังไม่กรอก","ยังไม่กรอก","ยังไม่กรอก","ยังไม่กรอก"
"","","229","ช่องแมว","ลำทะเมนชัย","อาศัยน้ำฝน","ยังไม่กรอก","ยังไม่กรอก","ยังไม่กรอก","ยังไม่กรอก","ยังไม่กรอก","ยังไม่กรอก"
"","","230","ไพล","ลำทะเมนชัย","อาศัยน้ำฝน","ยังไม่กรอก","ยังไม่กรอก","ยังไม่กรอก","ยังไม่กรอก","ยังไม่กรอก","ยังไม่กรอก"
"","","231","วังน้ำเขียว","วังน้ำเขียว","อาศัยน้ำฝน","ยังไม่กรอก","ยังไม่กรอก","ยังไม่กรอก","ยังไม่กรอก","ยังไม่กรอก","ยังไม่กรอก"
"","","232","วังหมี","วังน้ำเขียว","อาศัยน้ำฝน","ยังไม่กรอก","ยังไม่กรอก","ยังไม่กรอก","ยังไม่กรอก","ยังไม่กรอก","ยังไม่กรอก"
"","","233","ระเริง","วังน้ำเขียว","ยังไม่ทราบ","ยังไม่กรอก","ยังไม่กรอก","ยังไม่กรอก","ยังไม่กรอก","ยังไม่กรอก","ยังไม่กรอก"
"","","234","อุดมทรัพย์","วังน้ำเขียว","อาศัยน้ำฝน","ยังไม่กรอก","ยังไม่กรอก","ยังไม่กรอก","ยังไม่กรอก","ยังไม่กรอก","ยังไม่กรอก"
"","","235","ไทยสามัคคี","วังน้ำเขียว","อาศัยน้ำฝน","ยังไม่กรอก","ยังไม่กรอก","ยังไม่กรอก","ยังไม่กรอก","ยังไม่กรอก","ยังไม่กรอก"
"","","236","สีคิ้ว","สีคิ้ว","มีชลประทาน","ยังไม่กรอก","ยังไม่กรอก","ยังไม่กรอก","ยังไม่กรอก","ยังไม่กรอก","ยังไม่กรอก"
"","","237","บ้านหัน","สีคิ้ว","ยังไม่ทราบ","ยังไม่กรอก","ยังไม่กรอก","ยังไม่กรอก","ยังไม่กรอก","ยังไม่กรอก","ยังไม่กรอก"
"","","238","กฤษณา","สีคิ้ว","ยังไม่ทราบ","ยังไม่กรอก","ยังไม่กรอก","ยังไม่กรอก","ยังไม่กรอก","ยังไม่กรอก","ยังไม่กรอก"
"","","239","ลาดบัวขาว","สีคิ้ว","ยังไม่ทราบ","ยังไม่กรอก","ยังไม่กรอก","ยังไม่กรอก","ยังไม่กรอก","ยังไม่กรอก","ยังไม่กรอก"
"","","240","หนองหญ้าขาว","สีคิ้ว","ยังไม่ทราบ","ยังไม่กรอก","ยังไม่กรอก","ยังไม่กรอก","ยังไม่กรอก","ยังไม่กรอก","ยังไม่กรอก"
"","","241","กุดน้อย","สีคิ้ว","ยังไม่ทราบ","ยังไม่กรอก","ยังไม่กรอก","ยังไม่กรอก","ยังไม่กรอก","ยังไม่กรอก","ยังไม่กรอก"
"","","242","หนองน้ำใส","สีคิ้ว","ยังไม่ทราบ","ยังไม่กรอก","ยังไม่กรอก","ยังไม่กรอก","ยังไม่กรอก","ยังไม่กรอก","ยังไม่กรอก"
"","","243","วังโรงใหญ่","สีคิ้ว","ยังไม่ทราบ","ยังไม่กรอก","ยังไม่กรอก","ยังไม่กรอก","ยังไม่กรอก","ยังไม่กรอก","ยังไม่กรอก"
"","","244","มิตรภาพ","สีคิ้ว","มีชลประทาน","ยังไม่กรอก","ยังไม่กรอก","ยังไม่กรอก","ยังไม่กรอก","ยังไม่กรอก","ยังไม่กรอก"
"","","245","คลองไผ่","สีคิ้ว","มีชลประทาน","ยังไม่กรอก","ยังไม่กรอก","ยังไม่กรอก","ยังไม่กรอก","ยังไม่กรอก","ยังไม่กรอก"
"","","246","ดอนเมือง","สีคิ้ว","ยังไม่ทราบ","ยังไม่กรอก","ยังไม่กรอก","ยังไม่กรอก","ยังไม่กรอก","ยังไม่กรอก","ยังไม่กรอก"
"","","247","หนองบัวน้อย","สีคิ้ว","ยังไม่ทราบ","ยังไม่กรอก","ยังไม่กรอก","ยังไม่กรอก","ยังไม่กรอก","ยังไม่กรอก","ยังไม่กรอก"
"","","248","สีดา","สีดา","อาศัยน้ำฝน","ยังไม่กรอก","ยังไม่กรอก","ยังไม่กรอก","ยังไม่กรอก","ยังไม่กรอก","ยังไม่กรอก"
"","","249","โพนทอง","สีดา","อาศัยน้ำฝน","ยังไม่กรอก","ยังไม่กรอก","ยังไม่กรอก","ยังไม่กรอก","ยังไม่กรอก","ยังไม่กรอก"
"","","250","โนนประดู่","สีดา","อาศัยน้ำฝน","ยังไม่กรอก","ยังไม่กรอก","ยังไม่กรอก","ยังไม่กรอก","ยังไม่กรอก","ยังไม่กรอก"
"","","251","สามเมือง","สีดา","อาศัยน้ำฝน","ยังไม่กรอก","ยังไม่กรอก","ยังไม่กรอก","ยังไม่กรอก","ยังไม่กรอก","ยังไม่กรอก"
"","","252","หนองตาดใหญ่","สีดา","ยังไม่ทราบ","ยังไม่กรอก","ยังไม่กรอก","ยังไม่กรอก","ยังไม่กรอก","ยังไม่กรอก","ยังไม่กรอก"
"","","253","สูงเนิน","สูงเนิน","มีชลประทาน","ยังไม่กรอก","ยังไม่กรอก","ยังไม่กรอก","ยังไม่กรอก","ยังไม่กรอก","ยังไม่กรอก"
"","","254","เสมา","สูงเนิน","ยังไม่ทราบ","ยังไม่กรอก","ยังไม่กรอก","ยังไม่กรอก","ยังไม่กรอก","ยังไม่กรอก","ยังไม่กรอก"
"","","255","โคราช","สูงเนิน","ยังไม่ทราบ","ยังไม่กรอก","ยังไม่กรอก","ยังไม่กรอก","ยังไม่กรอก","ยังไม่กรอก","ยังไม่กรอก"
"","","256","บุ่งขี้เหล็ก","สูงเนิน","ยังไม่ทราบ","ยังไม่กรอก","ยังไม่กรอก","ยังไม่กรอก","ยังไม่กรอก","ยังไม่กรอก","ยังไม่กรอก"
"","","257","โนนค่า","สูงเนิน","ยังไม่ทราบ","ยังไม่กรอก","ยังไม่กรอก","ยังไม่กรอก","ยังไม่กรอก","ยังไม่กรอก","ยังไม่กรอก"
"","","258","โค้งยาง","สูงเนิน","ยังไม่ทราบ","ยังไม่กรอก","ยังไม่กรอก","ยังไม่กรอก","ยังไม่กรอก","ยังไม่กรอก","ยังไม่กรอก"
"","","259","มะเกลือเก่า","สูงเนิน","ยังไม่ทราบ","ยังไม่กรอก","ยังไม่กรอก","ยังไม่กรอก","ยังไม่กรอก","ยังไม่กรอก","ยังไม่กรอก"
"","","260","มะเกลือใหม่","สูงเนิน","ยังไม่ทราบ","ยังไม่กรอก","ยังไม่กรอก","ยังไม่กรอก","ยังไม่กรอก","ยังไม่กรอก","ยังไม่กรอก"
"","","261","นากลาง","สูงเนิน","มีชลประทาน","ยังไม่กรอก","ยังไม่กรอก","ยังไม่กรอก","ยังไม่กรอก","ยังไม่กรอก","ยังไม่กรอก"
"","","262","หนองตะไก้","สูงเนิน","ยังไม่ทราบ","ยังไม่กรอก","ยังไม่กรอก","ยังไม่กรอก","ยังไม่กรอก","ยังไม่กรอก","ยังไม่กรอก"
"","","263","กุดจิก","สูงเนิน","มีชลประทาน","ยังไม่กรอก","ยังไม่กรอก","ยังไม่กรอก","ยังไม่กรอก","ยังไม่กรอก","ยังไม่กรอก"
"","","264","เสิงสาง","เสิงสาง","อาศัยน้ำฝน","ยังไม่กรอก","ยังไม่กรอก","ยังไม่กรอก","ยังไม่กรอก","ยังไม่กรอก","ยังไม่กรอก"
"","","265","สระตะเคียน","เสิงสาง","อาศัยน้ำฝน","ยังไม่กรอก","ยังไม่กรอก","ยังไม่กรอก","ยังไม่กรอก","ยังไม่กรอก","ยังไม่กรอก"
"","","266","โนนสมบูรณ์","เสิงสาง","ยังไม่ทราบ","ยังไม่กรอก","ยังไม่กรอก","ยังไม่กรอก","ยังไม่กรอก","ยังไม่กรอก","ยังไม่กรอก"
"","","267","กุดโบสถ์","เสิงสาง","อาศัยน้ำฝน","ยังไม่กรอก","ยังไม่กรอก","ยังไม่กรอก","ยังไม่กรอก","ยังไม่กรอก","ยังไม่กรอก"
"","","268","สุขไพบูลย์","เสิงสาง","ยังไม่ทราบ","ยังไม่กรอก","ยังไม่กรอก","ยังไม่กรอก","ยังไม่กรอก","ยังไม่กรอก","ยังไม่กรอก"
"","","269","บ้านราษฎร์","เสิงสาง","อาศัยน้ำฝน","ยังไม่กรอก","ยังไม่กรอก","ยังไม่กรอก","ยังไม่กรอก","ยังไม่กรอก","ยังไม่กรอก"
"","","270","หนองบุนนาก","หนองบุญมาก","อาศัยน้ำฝน","ยังไม่กรอก","ยังไม่กรอก","ยังไม่กรอก","ยังไม่กรอก","ยังไม่กรอก","ยังไม่กรอก"
"","","271","สารภี","หนองบุญมาก","อาศัยน้ำฝน","ยังไม่กรอก","ยังไม่กรอก","ยังไม่กรอก","ยังไม่กรอก","ยังไม่กรอก","ยังไม่กรอก"
"","","272","ไทยเจริญ","หนองบุญมาก","ยังไม่ทราบ","ยังไม่กรอก","ยังไม่กรอก","ยังไม่กรอก","ยังไม่กรอก","ยังไม่กรอก","ยังไม่กรอก"
"","","273","หนองหัวแรต","หนองบุญมาก","อาศัยน้ำฝน","ยังไม่กรอก","ยังไม่กรอก","ยังไม่กรอก","ยังไม่กรอก","ยังไม่กรอก","ยังไม่กรอก"
"","","274","แหลมทอง","หนองบุญมาก","อาศัยน้ำฝน","ยังไม่กรอก","ยังไม่กรอก","ยังไม่กรอก","ยังไม่กรอก","ยังไม่กรอก","ยังไม่กรอก"
"","","275","หนองตะไก้","หนองบุญมาก","ยังไม่ทราบ","ยังไม่กรอก","ยังไม่กรอก","ยังไม่กรอก","ยังไม่กรอก","ยังไม่กรอก","ยังไม่กรอก"
"","","276","ลุงเขว้า","หนองบุญมาก","ยังไม่ทราบ","ยังไม่กรอก","ยังไม่กรอก","ยังไม่กรอก","ยังไม่กรอก","ยังไม่กรอก","ยังไม่กรอก"
"","","277","หนองไม้ไผ่","หนองบุญมาก","ยังไม่ทราบ","ยังไม่กรอก","ยังไม่กรอก","ยังไม่กรอก","ยังไม่กรอก","ยังไม่กรอก","ยังไม่กรอก"
"","","278","บ้านใหม่","หนองบุญมาก","ยังไม่ทราบ","ยังไม่กรอก","ยังไม่กรอก","ยังไม่กรอก","ยังไม่กรอก","ยังไม่กรอก","ยังไม่กรอก"
"","","279","ห้วยแถลง","ห้วยแถลง","อาศัยน้ำฝน","ยังไม่กรอก","ยังไม่กรอก","ยังไม่กรอก","ยังไม่กรอก","ยังไม่กรอก","ยังไม่กรอก"
"","","280","ทับสวาย","ห้วยแถลง","ยังไม่ทราบ","ยังไม่กรอก","ยังไม่กรอก","ยังไม่กรอก","ยังไม่กรอก","ยังไม่กรอก","ยังไม่กรอก"
"","","281","เมืองพลับพลา","ห้วยแถลง","อาศัยน้ำฝน","ยังไม่กรอก","ยังไม่กรอก","ยังไม่กรอก","ยังไม่กรอก","ยังไม่กรอก","ยังไม่กรอก"
"","","282","หลุ่งตะเคียน","ห้วยแถลง","ยังไม่ทราบ","ยังไม่กรอก","ยังไม่กรอก","ยังไม่กรอก","ยังไม่กรอก","ยังไม่กรอก","ยังไม่กรอก"
"","","283","หินดาด","ห้วยแถลง","อาศัยน้ำฝน","ยังไม่กรอก","ยังไม่กรอก","ยังไม่กรอก","ยังไม่กรอก","ยังไม่กรอก","ยังไม่กรอก"
"","","284","งิ้ว","ห้วยแถลง","อาศัยน้ำฝน","ยังไม่กรอก","ยังไม่กรอก","ยังไม่กรอก","ยังไม่กรอก","ยังไม่กรอก","ยังไม่กรอก"
"","","285","กงรถ","ห้วยแถลง","ยังไม่ทราบ","ยังไม่กรอก","ยังไม่กรอก","ยังไม่กรอก","ยังไม่กรอก","ยังไม่กรอก","ยังไม่กรอก"
"","","286","หลุ่งประดู่","ห้วยแถลง","ยังไม่ทราบ","ยังไม่กรอก","ยังไม่กรอก","ยังไม่กรอก","ยังไม่กรอก","ยังไม่กรอก","ยังไม่กรอก"
"","","287","ตะโก","ห้วยแถลง","ยังไม่ทราบ","ยังไม่กรอก","ยังไม่กรอก","ยังไม่กรอก","ยังไม่กรอก","ยังไม่กรอก","ยังไม่กรอก"
"","","288","ห้วยแคน","ห้วยแถลง","ยังไม่ทราบ","ยังไม่กรอก","ยังไม่กรอก","ยังไม่กรอก","ยังไม่กรอก","ยังไม่กรอก","ยังไม่กรอก"
